drop table if exists fbblock;

CREATE TABLE fbblock
(
   blockID varchar(255),
   divID varchar(255),
   x1 double,
   y1 double,
   x2 double,
   y2 double
)
;

drop table if exists fbDefinedPath;

CREATE TABLE fbdefinedpath
(
   fromID varchar(255),
   toID varchar(255),
   seq int,
   roadID varchar(255),
   segmentSeq int,
   x1 double,
   y1 double,
   x2 double,
   y2 double,
   distMtr double
)
;

drop table if exists fbDiv;

CREATE TABLE fbdiv
(
   divID varchar(255),
   estateID varchar(255),
   millID varchar(255)
)
;

drop table if exists fbMill;

CREATE TABLE fbmill
(
   millID varchar(255),
   lon double,
   lat double
)
;

drop table if exists fbProgress;

CREATE TABLE fbprogress
(
   runID varchar(255),
   status varchar(4),
   iter bigint,
   maxIter bigint,
   subIter bigint,
   maxSubIter bigint,
   msg longtext,
   pct tinyint,
   lastUpd timestamp DEFAULT CURRENT_TIMESTAMP NOT NULL,
   created timestamp DEFAULT 0000-00-00 00:00:00 NOT NULL
)
;
drop table if exists fbRoadSegment;

CREATE TABLE fbroadsegment
(
   roadID varchar(255),
   segmentID varchar(255),
   x1 double,
   y1 double,
   x2 double,
   y2 double,
   distMtr double
)
;
drop table if exists fbSol;

CREATE TABLE fbsol
(
   runID varchar(255),
   solTimeID varchar(255),
   solType varchar(5),
   restan double,
   lastJobEndTime int,
   lastJobEndClock varchar(5),
   vehicles int,
   recentTwist varchar(255),
   lastUpd timestamp DEFAULT CURRENT_TIMESTAMP NOT NULL
)
;

drop table if exists fbTask;

CREATE TABLE fbtask
(
   runID varchar(255),
   solTimeID varchar(255),
   clock1 varchar(255),
   agnID varchar(255),
   splyID varchar(255),
   blocks varchar(255),
   size1 double,
   startMin int,
   arrvSplyMin int,
   waitSplyDur int,
   dprtSplyMin int,
   arrvMillMin int,
   endMin int,
   lonSply double,
   latSply double,
   lonMill double,
   latMill double,
   millName varchar(255),
   lastUpd timestamp DEFAULT CURRENT_TIMESTAMP NOT NULL,
   status varchar(255)
)
;

drop table if exists fbTaskPlan;

create table fbTaskPlan (
recordID int not null AUTO_INCREMENT
, taskDate datetime
, divID varchar(255)
, seq1 integer
, blocks varchar(255)
, size1 integer
, time1 integer
, truckID varchar(255)
, runID varchar(255)
, createDt timestamp default CURRENT_TIMESTAMP
, updDt timestamp default CURRENT_TIMESTAMP ON UPDATE CURRENT_TIMESTAMP 
, version int
, primary key (recordID)
)
;

drop table if exists fbTaskExec;

create table fbTaskExec (
recordID int not null AUTO_INCREMENT
, planID int
, taskDate datetime
, divID varchar(255)
, seq1 integer
, blocks varchar(255)
, size1 integer
, time1 integer
, truckID varchar(255)
, roadNames varchar(255)
, runID varchar(255)
, createDt timestamp default CURRENT_TIMESTAMP
, updDt timestamp default CURRENT_TIMESTAMP ON UPDATE CURRENT_TIMESTAMP 
, version int
, primary key (recordID)
)
;

drop table if exists gbRole;

create table gbRole 
(
	roleID varchar(255)
	, roleName varchar(255)
	, appID varchar(255)
	, createDt timestamp default current_timestamp
	, updDt timestamp default current_timestamp on update current_timestamp
)
;

drop table if exists gbUserRole;

create table gbUserRole
(
	userID varchar(255)
	, roleID varchar(255)
	, createDt timestamp default current_timestamp
	, updDt timestamp default current_timestamp on update current_timestamp
)
;

----------------------------------------------------------

INSERT INTO fbblock (blockID,divID,x1,y1,x2,y2) VALUES ('L34','BINE1',105.5104269,-1.873264593,105.5104269,-1.873264593);
INSERT INTO fbblock (blockID,divID,x1,y1,x2,y2) VALUES ('L34','BINE1',105.5090763,-1.872757304,105.5090763,-1.872757304);
INSERT INTO fbblock (blockID,divID,x1,y1,x2,y2) VALUES ('L34','BINE1',105.5101919,-1.876393097,105.5101919,-1.876393097);
INSERT INTO fbblock (blockID,divID,x1,y1,x2,y2) VALUES ('L34','BINE1',105.508618,-1.876008348,105.508618,-1.876008348);
INSERT INTO fbblock (blockID,divID,x1,y1,x2,y2) VALUES ('L34','BINE1',105.5124575,-1.877202227,105.5124575,-1.877202227);
INSERT INTO fbblock (blockID,divID,x1,y1,x2,y2) VALUES ('L34','BINE1',105.5107209,-1.872410818,105.5107209,-1.872410818);
INSERT INTO fbblock (blockID,divID,x1,y1,x2,y2) VALUES ('L34','BINE1',105.5108087,-1.876252171,105.5108087,-1.876252171);
INSERT INTO fbblock (blockID,divID,x1,y1,x2,y2) VALUES ('M26','BINE2',105.4862089,-1.885002639,105.4862089,-1.885002639);
INSERT INTO fbblock (blockID,divID,x1,y1,x2,y2) VALUES ('M26','BINE2',105.4890315,-1.885004995,105.4890315,-1.885004995);
INSERT INTO fbblock (blockID,divID,x1,y1,x2,y2) VALUES ('M26','BINE2',105.4876169,-1.880445453,105.4876169,-1.880445453);
INSERT INTO fbblock (blockID,divID,x1,y1,x2,y2) VALUES ('M26','BINE2',105.4880601,-1.880492531,105.4880601,-1.880492531);
INSERT INTO fbblock (blockID,divID,x1,y1,x2,y2) VALUES ('M26','BINE2',105.4877775,-1.883864171,105.4877775,-1.883864171);
INSERT INTO fbblock (blockID,divID,x1,y1,x2,y2) VALUES ('M26','BINE2',105.4876192,-1.88500972,105.4876192,-1.88500972);
INSERT INTO fbblock (blockID,divID,x1,y1,x2,y2) VALUES ('M27','BINE2',105.4905428,-1.880437425,105.4905428,-1.880437425);
INSERT INTO fbblock (blockID,divID,x1,y1,x2,y2) VALUES ('M27','BINE2',105.4905587,-1.886902602,105.4905587,-1.886902602);
INSERT INTO fbblock (blockID,divID,x1,y1,x2,y2) VALUES ('M27','BINE2',105.4905014,-1.884977969,105.4905014,-1.884977969);
INSERT INTO fbblock (blockID,divID,x1,y1,x2,y2) VALUES ('M27','BINE2',105.4919741,-1.884987822,105.4919741,-1.884987822);
INSERT INTO fbblock (blockID,divID,x1,y1,x2,y2) VALUES ('M28','BINE2',105.4933333,-1.880435044,105.4933333,-1.880435044);
INSERT INTO fbblock (blockID,divID,x1,y1,x2,y2) VALUES ('M28','BINE2',105.494606,-1.885008392,105.494606,-1.885008392);
INSERT INTO fbblock (blockID,divID,x1,y1,x2,y2) VALUES ('M28','BINE2',105.4932876,-1.885036589,105.4932876,-1.885036589);
INSERT INTO fbblock (blockID,divID,x1,y1,x2,y2) VALUES ('M29','BINE1',105.4960264,-1.885287969,105.4960264,-1.885287969);
INSERT INTO fbblock (blockID,divID,x1,y1,x2,y2) VALUES ('M29','BINE1',105.4973745,-1.884998658,105.4973745,-1.884998658);
INSERT INTO fbblock (blockID,divID,x1,y1,x2,y2) VALUES ('M29','BINE1',105.4960339,-1.880428997,105.4960339,-1.880428997);
INSERT INTO fbblock (blockID,divID,x1,y1,x2,y2) VALUES ('M29','BINE1',105.4956339,-1.882233789,105.4956339,-1.882233789);
INSERT INTO fbblock (blockID,divID,x1,y1,x2,y2) VALUES ('M30','BINE1',105.4987605,-1.885008862,105.4987605,-1.885008862);
INSERT INTO fbblock (blockID,divID,x1,y1,x2,y2) VALUES ('M30','BINE1',105.5001362,-1.885002079,105.5001362,-1.885002079);
INSERT INTO fbblock (blockID,divID,x1,y1,x2,y2) VALUES ('M30','BINE1',105.4980923,-1.88337748,105.4980923,-1.88337748);
INSERT INTO fbblock (blockID,divID,x1,y1,x2,y2) VALUES ('M30','BINE1',105.4988014,-1.880421349,105.4988014,-1.880421349);
INSERT INTO fbblock (blockID,divID,x1,y1,x2,y2) VALUES ('M31','BINE1',105.5028081,-1.885004942,105.5028081,-1.885004942);
INSERT INTO fbblock (blockID,divID,x1,y1,x2,y2) VALUES ('M31','BINE1',105.5022088,-1.884996475,105.5022088,-1.884996475);
INSERT INTO fbblock (blockID,divID,x1,y1,x2,y2) VALUES ('M31','BINE1',105.5027696,-1.884019497,105.5027696,-1.884019497);
INSERT INTO fbblock (blockID,divID,x1,y1,x2,y2) VALUES ('M31','BINE1',105.5014614,-1.885010436,105.5014614,-1.885010436);
INSERT INTO fbblock (blockID,divID,x1,y1,x2,y2) VALUES ('M31','BINE1',105.5015165,-1.880418463,105.5015165,-1.880418463);
INSERT INTO fbblock (blockID,divID,x1,y1,x2,y2) VALUES ('M32','BINE1',105.5028505,-1.884018215,105.5028505,-1.884018215);
INSERT INTO fbblock (blockID,divID,x1,y1,x2,y2) VALUES ('M32','BINE1',105.505557,-1.885392421,105.505557,-1.885392421);
INSERT INTO fbblock (blockID,divID,x1,y1,x2,y2) VALUES ('M32','BINE1',105.5042615,-1.880591997,105.5042615,-1.880591997);
INSERT INTO fbblock (blockID,divID,x1,y1,x2,y2) VALUES ('M32','BINE1',105.5041661,-1.885084086,105.5041661,-1.885084086);
INSERT INTO fbblock (blockID,divID,x1,y1,x2,y2) VALUES ('M33','BINE1',105.5069261,-1.88532895,105.5069261,-1.88532895);
INSERT INTO fbblock (blockID,divID,x1,y1,x2,y2) VALUES ('M33','BINE1',105.5082393,-1.885776701,105.5082393,-1.885776701);
INSERT INTO fbblock (blockID,divID,x1,y1,x2,y2) VALUES ('M33','BINE1',105.5070321,-1.881487931,105.5070321,-1.881487931);
INSERT INTO fbblock (blockID,divID,x1,y1,x2,y2) VALUES ('M34','BINE1',105.5103004,-1.880470541,105.5103004,-1.880470541);
INSERT INTO fbblock (blockID,divID,x1,y1,x2,y2) VALUES ('M34','BINE1',105.5110227,-1.885042812,105.5110227,-1.885042812);
INSERT INTO fbblock (blockID,divID,x1,y1,x2,y2) VALUES ('M34','BINE1',105.5092753,-1.881423704,105.5092753,-1.881423704);
INSERT INTO fbblock (blockID,divID,x1,y1,x2,y2) VALUES ('M34','BINE1',105.50964,-1.885064612,105.50964,-1.885064612);
INSERT INTO fbblock (blockID,divID,x1,y1,x2,y2) VALUES ('N21','BINE2',105.4751973,-1.8938318,105.4751973,-1.8938318);
INSERT INTO fbblock (blockID,divID,x1,y1,x2,y2) VALUES ('N21','BINE2',105.4737063,-1.895403437,105.4737063,-1.895403437);
INSERT INTO fbblock (blockID,divID,x1,y1,x2,y2) VALUES ('N21','BINE2',105.4738129,-1.893812532,105.4738129,-1.893812532);
INSERT INTO fbblock (blockID,divID,x1,y1,x2,y2) VALUES ('N21','BINE2',105.4740098,-1.894405535,105.4740098,-1.894405535);
INSERT INTO fbblock (blockID,divID,x1,y1,x2,y2) VALUES ('N21','BINE2',105.4724345,-1.893829398,105.4724345,-1.893829398);
INSERT INTO fbblock (blockID,divID,x1,y1,x2,y2) VALUES ('N21','BINE2',105.4738138,-1.88949634,105.4738138,-1.88949634);
INSERT INTO fbblock (blockID,divID,x1,y1,x2,y2) VALUES ('N22','BINE2',105.476589,-1.894952016,105.476589,-1.894952016);
INSERT INTO fbblock (blockID,divID,x1,y1,x2,y2) VALUES ('N22','BINE2',105.4766216,-1.889503722,105.4766216,-1.889503722);
INSERT INTO fbblock (blockID,divID,x1,y1,x2,y2) VALUES ('N22','BINE2',105.4758616,-1.895790401,105.4758616,-1.895790401);
INSERT INTO fbblock (blockID,divID,x1,y1,x2,y2) VALUES ('N22','BINE2',105.4766616,-1.896480952,105.4766616,-1.896480952);
INSERT INTO fbblock (blockID,divID,x1,y1,x2,y2) VALUES ('N22','BINE2',105.4779712,-1.893832149,105.4779712,-1.893832149);
INSERT INTO fbblock (blockID,divID,x1,y1,x2,y2) VALUES ('N22','BINE2',105.476585,-1.893303186,105.476585,-1.893303186);
INSERT INTO fbblock (blockID,divID,x1,y1,x2,y2) VALUES ('N23','BINE2',105.4807142,-1.893829087,105.4807142,-1.893829087);
INSERT INTO fbblock (blockID,divID,x1,y1,x2,y2) VALUES ('N23','BINE2',105.4793803,-1.895716066,105.4793803,-1.895716066);
INSERT INTO fbblock (blockID,divID,x1,y1,x2,y2) VALUES ('N23','BINE2',105.479389,-1.889513954,105.479389,-1.889513954);
INSERT INTO fbblock (blockID,divID,x1,y1,x2,y2) VALUES ('N23','BINE2',105.4792983,-1.898097607,105.4792983,-1.898097607);
INSERT INTO fbblock (blockID,divID,x1,y1,x2,y2) VALUES ('N23','BINE2',105.4793397,-1.893805387,105.4793397,-1.893805387);
INSERT INTO fbblock (blockID,divID,x1,y1,x2,y2) VALUES ('N24','BINE2',105.4820968,-1.898096661,105.4820968,-1.898096661);
INSERT INTO fbblock (blockID,divID,x1,y1,x2,y2) VALUES ('N24','BINE2',105.4821058,-1.893813215,105.4821058,-1.893813215);
INSERT INTO fbblock (blockID,divID,x1,y1,x2,y2) VALUES ('N24','BINE2',105.4834936,-1.893843878,105.4834936,-1.893843878);
INSERT INTO fbblock (blockID,divID,x1,y1,x2,y2) VALUES ('N24','BINE2',105.4821235,-1.89748386,105.4821235,-1.89748386);
INSERT INTO fbblock (blockID,divID,x1,y1,x2,y2) VALUES ('N24','BINE2',105.4821471,-1.889526749,105.4821471,-1.889526749);
INSERT INTO fbblock (blockID,divID,x1,y1,x2,y2) VALUES ('N25','BINE2',105.4848176,-1.897403254,105.4848176,-1.897403254);
INSERT INTO fbblock (blockID,divID,x1,y1,x2,y2) VALUES ('N25','BINE2',105.4848548,-1.893824364,105.4848548,-1.893824364);
INSERT INTO fbblock (blockID,divID,x1,y1,x2,y2) VALUES ('N25','BINE2',105.4862186,-1.893844044,105.4862186,-1.893844044);
INSERT INTO fbblock (blockID,divID,x1,y1,x2,y2) VALUES ('N25','BINE2',105.4850983,-1.898032901,105.4850983,-1.898032901);
INSERT INTO fbblock (blockID,divID,x1,y1,x2,y2) VALUES ('N25','BINE2',105.4848941,-1.889544245,105.4848941,-1.889544245);
INSERT INTO fbblock (blockID,divID,x1,y1,x2,y2) VALUES ('N26','BINE2',105.4876551,-1.88956266,105.4876551,-1.88956266);
INSERT INTO fbblock (blockID,divID,x1,y1,x2,y2) VALUES ('N26','BINE2',105.4890311,-1.893849289,105.4890311,-1.893849289);
INSERT INTO fbblock (blockID,divID,x1,y1,x2,y2) VALUES ('N26','BINE2',105.4876297,-1.897483357,105.4876297,-1.897483357);
INSERT INTO fbblock (blockID,divID,x1,y1,x2,y2) VALUES ('N26','BINE2',105.4876239,-1.893830532,105.4876239,-1.893830532);
INSERT INTO fbblock (blockID,divID,x1,y1,x2,y2) VALUES ('N27','BINE2',105.4904689,-1.893819318,105.4904689,-1.893819318);
INSERT INTO fbblock (blockID,divID,x1,y1,x2,y2) VALUES ('N27','BINE2',105.4918892,-1.893864201,105.4918892,-1.893864201);
INSERT INTO fbblock (blockID,divID,x1,y1,x2,y2) VALUES ('N27','BINE2',105.4905257,-1.889555117,105.4905257,-1.889555117);
INSERT INTO fbblock (blockID,divID,x1,y1,x2,y2) VALUES ('N28','BINE2',105.4932423,-1.89390179,105.4932423,-1.89390179);
INSERT INTO fbblock (blockID,divID,x1,y1,x2,y2) VALUES ('N28','BINE2',105.4932881,-1.889639938,105.4932881,-1.889639938);
INSERT INTO fbblock (blockID,divID,x1,y1,x2,y2) VALUES ('N28','BINE2',105.4945886,-1.893855573,105.4945886,-1.893855573);
INSERT INTO fbblock (blockID,divID,x1,y1,x2,y2) VALUES ('N29','BINE1',105.4960087,-1.889579752,105.4960087,-1.889579752);
INSERT INTO fbblock (blockID,divID,x1,y1,x2,y2) VALUES ('N29','BINE1',105.4959792,-1.891784564,105.4959792,-1.891784564);
INSERT INTO fbblock (blockID,divID,x1,y1,x2,y2) VALUES ('N29','BINE1',105.4960734,-1.893977072,105.4960734,-1.893977072);
INSERT INTO fbblock (blockID,divID,x1,y1,x2,y2) VALUES ('N29','BINE1',105.4960608,-1.896041531,105.4960608,-1.896041531);
INSERT INTO fbblock (blockID,divID,x1,y1,x2,y2) VALUES ('N29','BINE1',105.4973574,-1.891799421,105.4973574,-1.891799421);
INSERT INTO fbblock (blockID,divID,x1,y1,x2,y2) VALUES ('N30','BINE1',105.5001091,-1.891797675,105.5001091,-1.891797675);
INSERT INTO fbblock (blockID,divID,x1,y1,x2,y2) VALUES ('N30','BINE1',105.4987293,-1.891783321,105.4987293,-1.891783321);
INSERT INTO fbblock (blockID,divID,x1,y1,x2,y2) VALUES ('N30','BINE1',105.4988263,-1.893998127,105.4988263,-1.893998127);
INSERT INTO fbblock (blockID,divID,x1,y1,x2,y2) VALUES ('N30','BINE1',105.4996391,-1.893376061,105.4996391,-1.893376061);
INSERT INTO fbblock (blockID,divID,x1,y1,x2,y2) VALUES ('N30','BINE1',105.4987722,-1.889579413,105.4987722,-1.889579413);
INSERT INTO fbblock (blockID,divID,x1,y1,x2,y2) VALUES ('N30','BINE1',105.4988118,-1.896065276,105.4988118,-1.896065276);
INSERT INTO fbblock (blockID,divID,x1,y1,x2,y2) VALUES ('N31','BINE1',105.5007193,-1.896073123,105.5007193,-1.896073123);
INSERT INTO fbblock (blockID,divID,x1,y1,x2,y2) VALUES ('N31','BINE1',105.5014907,-1.889588697,105.5014907,-1.889588697);
INSERT INTO fbblock (blockID,divID,x1,y1,x2,y2) VALUES ('N31','BINE1',105.5007527,-1.894001627,105.5007527,-1.894001627);
INSERT INTO fbblock (blockID,divID,x1,y1,x2,y2) VALUES ('N31','BINE1',105.5023223,-1.894574796,105.5023223,-1.894574796);
INSERT INTO fbblock (blockID,divID,x1,y1,x2,y2) VALUES ('N31','BINE1',105.5016576,-1.893212885,105.5016576,-1.893212885);
INSERT INTO fbblock (blockID,divID,x1,y1,x2,y2) VALUES ('N31','BINE1',105.5012587,-1.891240445,105.5012587,-1.891240445);
INSERT INTO fbblock (blockID,divID,x1,y1,x2,y2) VALUES ('N32','BINE1',105.5041599,-1.893858625,105.5041599,-1.893858625);
INSERT INTO fbblock (blockID,divID,x1,y1,x2,y2) VALUES ('N32','BINE1',105.5055316,-1.893861099,105.5055316,-1.893861099);
INSERT INTO fbblock (blockID,divID,x1,y1,x2,y2) VALUES ('N32','BINE1',105.5042041,-1.889592191,105.5042041,-1.889592191);
INSERT INTO fbblock (blockID,divID,x1,y1,x2,y2) VALUES ('N33','BINE1',105.5069184,-1.889600402,105.5069184,-1.889600402);
INSERT INTO fbblock (blockID,divID,x1,y1,x2,y2) VALUES ('N33','BINE1',105.5068725,-1.89386714,105.5068725,-1.89386714);
INSERT INTO fbblock (blockID,divID,x1,y1,x2,y2) VALUES ('N33','BINE1',105.5082191,-1.893862315,105.5082191,-1.893862315);
INSERT INTO fbblock (blockID,divID,x1,y1,x2,y2) VALUES ('N34','BINE1',105.5096439,-1.889610305,105.5096439,-1.889610305);
INSERT INTO fbblock (blockID,divID,x1,y1,x2,y2) VALUES ('N34','BINE1',105.5103595,-1.894579168,105.5103595,-1.894579168);
INSERT INTO fbblock (blockID,divID,x1,y1,x2,y2) VALUES ('N34','BINE1',105.5109843,-1.893869438,105.5109843,-1.893869438);
INSERT INTO fbblock (blockID,divID,x1,y1,x2,y2) VALUES ('N34','BINE1',105.5095998,-1.893857579,105.5095998,-1.893857579);
INSERT INTO fbblock (blockID,divID,x1,y1,x2,y2) VALUES ('N35','BINE1',105.5136568,-1.893870066,105.5136568,-1.893870066);
INSERT INTO fbblock (blockID,divID,x1,y1,x2,y2) VALUES ('N35','BINE1',105.5123207,-1.893875761,105.5123207,-1.893875761);
INSERT INTO fbblock (blockID,divID,x1,y1,x2,y2) VALUES ('N35','BINE1',105.5123066,-1.892230876,105.5123066,-1.892230876);
INSERT INTO fbblock (blockID,divID,x1,y1,x2,y2) VALUES ('N35','BINE1',105.5123646,-1.889613051,105.5123646,-1.889613051);
INSERT INTO fbblock (blockID,divID,x1,y1,x2,y2) VALUES ('P21','BINE2',105.4738172,-1.902716045,105.4738172,-1.902716045);
INSERT INTO fbblock (blockID,divID,x1,y1,x2,y2) VALUES ('P21','BINE2',105.4752011,-1.902711437,105.4752011,-1.902711437);
INSERT INTO fbblock (blockID,divID,x1,y1,x2,y2) VALUES ('P21','BINE2',105.4738187,-1.898164751,105.4738187,-1.898164751);
INSERT INTO fbblock (blockID,divID,x1,y1,x2,y2) VALUES ('P21','BINE2',105.4724436,-1.902718957,105.4724436,-1.902718957);
INSERT INTO fbblock (blockID,divID,x1,y1,x2,y2) VALUES ('P21','BINE2',105.4751042,-1.898929081,105.4751042,-1.898929081);
INSERT INTO fbblock (blockID,divID,x1,y1,x2,y2) VALUES ('P22','BINE2',105.4763538,-1.900569008,105.4763538,-1.900569008);
INSERT INTO fbblock (blockID,divID,x1,y1,x2,y2) VALUES ('P22','BINE2',105.4768254,-1.899131722,105.4768254,-1.899131722);
INSERT INTO fbblock (blockID,divID,x1,y1,x2,y2) VALUES ('P22','BINE2',105.4766104,-1.898160203,105.4766104,-1.898160203);
INSERT INTO fbblock (blockID,divID,x1,y1,x2,y2) VALUES ('P22','BINE2',105.4766675,-1.902980324,105.4766675,-1.902980324);
INSERT INTO fbblock (blockID,divID,x1,y1,x2,y2) VALUES ('P22','BINE2',105.4765894,-1.905141323,105.4765894,-1.905141323);
INSERT INTO fbblock (blockID,divID,x1,y1,x2,y2) VALUES ('P22','BINE2',105.4779576,-1.902708606,105.4779576,-1.902708606);
INSERT INTO fbblock (blockID,divID,x1,y1,x2,y2) VALUES ('P23','BINE2',105.4785852,-1.89912151,105.4785852,-1.89912151);
INSERT INTO fbblock (blockID,divID,x1,y1,x2,y2) VALUES ('P23','BINE2',105.4797221,-1.901618941,105.4797221,-1.901618941);
INSERT INTO fbblock (blockID,divID,x1,y1,x2,y2) VALUES ('P23','BINE2',105.4805484,-1.898518408,105.4805484,-1.898518408);
INSERT INTO fbblock (blockID,divID,x1,y1,x2,y2) VALUES ('P23','BINE2',105.4807067,-1.902692164,105.4807067,-1.902692164);
INSERT INTO fbblock (blockID,divID,x1,y1,x2,y2) VALUES ('P23','BINE2',105.4793639,-1.898147135,105.4793639,-1.898147135);
INSERT INTO fbblock (blockID,divID,x1,y1,x2,y2) VALUES ('P23','BINE2',105.4791941,-1.903107859,105.4791941,-1.903107859);
INSERT INTO fbblock (blockID,divID,x1,y1,x2,y2) VALUES ('P24','BINE2',105.4820992,-1.902717229,105.4820992,-1.902717229);
INSERT INTO fbblock (blockID,divID,x1,y1,x2,y2) VALUES ('P24','BINE2',105.4820158,-1.900232664,105.4820158,-1.900232664);
INSERT INTO fbblock (blockID,divID,x1,y1,x2,y2) VALUES ('P24','BINE2',105.4817277,-1.898338453,105.4817277,-1.898338453);
INSERT INTO fbblock (blockID,divID,x1,y1,x2,y2) VALUES ('P24','BINE2',105.4821281,-1.898146529,105.4821281,-1.898146529);
INSERT INTO fbblock (blockID,divID,x1,y1,x2,y2) VALUES ('P24','BINE2',105.4834848,-1.90269781,105.4834848,-1.90269781);
INSERT INTO fbblock (blockID,divID,x1,y1,x2,y2) VALUES ('P25','BINE2',105.4848569,-1.902711642,105.4848569,-1.902711642);
INSERT INTO fbblock (blockID,divID,x1,y1,x2,y2) VALUES ('P25','BINE2',105.4862278,-1.902695683,105.4862278,-1.902695683);
INSERT INTO fbblock (blockID,divID,x1,y1,x2,y2) VALUES ('P25','BINE2',105.4848496,-1.89819363,105.4848496,-1.89819363);
INSERT INTO fbblock (blockID,divID,x1,y1,x2,y2) VALUES ('P25','BINE2',105.484881,-1.8981437,105.484881,-1.8981437);
INSERT INTO fbblock (blockID,divID,x1,y1,x2,y2) VALUES ('P26','BINE2',105.4876575,-1.898130904,105.4876575,-1.898130904);
INSERT INTO fbblock (blockID,divID,x1,y1,x2,y2) VALUES ('P26','BINE2',105.4876236,-1.902680466,105.4876236,-1.902680466);
INSERT INTO fbblock (blockID,divID,x1,y1,x2,y2) VALUES ('P26','BINE2',105.489018,-1.902698445,105.489018,-1.902698445);
INSERT INTO fbblock (blockID,divID,x1,y1,x2,y2) VALUES ('P27','BINE2',105.4911805,-1.907217676,105.4911805,-1.907217676);
INSERT INTO fbblock (blockID,divID,x1,y1,x2,y2) VALUES ('P27','BINE2',105.4905215,-1.898128633,105.4905215,-1.898128633);
INSERT INTO fbblock (blockID,divID,x1,y1,x2,y2) VALUES ('P27','BINE2',105.4904727,-1.90269601,105.4904727,-1.90269601);
INSERT INTO fbblock (blockID,divID,x1,y1,x2,y2) VALUES ('P27','BINE2',105.4919294,-1.902698834,105.4919294,-1.902698834);
INSERT INTO fbblock (blockID,divID,x1,y1,x2,y2) VALUES ('P28','BINE2',105.4932427,-1.902697696,105.4932427,-1.902697696);
INSERT INTO fbblock (blockID,divID,x1,y1,x2,y2) VALUES ('P28','BINE2',105.4945592,-1.902707406,105.4945592,-1.902707406);
INSERT INTO fbblock (blockID,divID,x1,y1,x2,y2) VALUES ('P28','BINE2',105.4932971,-1.898128845,105.4932971,-1.898128845);
INSERT INTO fbblock (blockID,divID,x1,y1,x2,y2) VALUES ('P29','BINE2',105.4969609,-1.904624372,105.4969609,-1.904624372);
INSERT INTO fbblock (blockID,divID,x1,y1,x2,y2) VALUES ('P29','BINE2',105.4962222,-1.900423192,105.4962222,-1.900423192);
INSERT INTO fbblock (blockID,divID,x1,y1,x2,y2) VALUES ('P29','BINE2',105.4954999,-1.905831615,105.4954999,-1.905831615);
INSERT INTO fbblock (blockID,divID,x1,y1,x2,y2) VALUES ('P29','BINE2',105.4965608,-1.904840718,105.4965608,-1.904840718);
INSERT INTO fbblock (blockID,divID,x1,y1,x2,y2) VALUES ('P29','BINE2',105.4959037,-1.904020974,105.4959037,-1.904020974);
INSERT INTO fbblock (blockID,divID,x1,y1,x2,y2) VALUES ('P29','BINE2',105.4964565,-1.90630293,105.4964565,-1.90630293);
INSERT INTO fbblock (blockID,divID,x1,y1,x2,y2) VALUES ('P30','BINE2',105.4985911,-1.900036212,105.4985911,-1.900036212);
INSERT INTO fbblock (blockID,divID,x1,y1,x2,y2) VALUES ('P30','BINE2',105.4992733,-1.903218361,105.4992733,-1.903218361);
INSERT INTO fbblock (blockID,divID,x1,y1,x2,y2) VALUES ('P30','BINE2',105.4988249,-1.90443359,105.4988249,-1.90443359);
INSERT INTO fbblock (blockID,divID,x1,y1,x2,y2) VALUES ('P31','BINE1',105.501165,-1.900097351,105.501165,-1.900097351);
INSERT INTO fbblock (blockID,divID,x1,y1,x2,y2) VALUES ('P31','BINE1',105.5020679,-1.898132088,105.5020679,-1.898132088);
INSERT INTO fbblock (blockID,divID,x1,y1,x2,y2) VALUES ('P31','BINE1',105.5027491,-1.902718503,105.5027491,-1.902718503);
INSERT INTO fbblock (blockID,divID,x1,y1,x2,y2) VALUES ('P31','BINE1',105.5007157,-1.899609504,105.5007157,-1.899609504);
INSERT INTO fbblock (blockID,divID,x1,y1,x2,y2) VALUES ('P31','BINE1',105.5015313,-1.903297221,105.5015313,-1.903297221);
INSERT INTO fbblock (blockID,divID,x1,y1,x2,y2) VALUES ('P32','BINE1',105.5048209,-1.899746275,105.5048209,-1.899746275);
INSERT INTO fbblock (blockID,divID,x1,y1,x2,y2) VALUES ('P32','BINE1',105.5054992,-1.903640683,105.5054992,-1.903640683);
INSERT INTO fbblock (blockID,divID,x1,y1,x2,y2) VALUES ('P32','BINE1',105.5041788,-1.898128897,105.5041788,-1.898128897);
INSERT INTO fbblock (blockID,divID,x1,y1,x2,y2) VALUES ('P32','BINE1',105.5040564,-1.90304466,105.5040564,-1.90304466);
INSERT INTO fbblock (blockID,divID,x1,y1,x2,y2) VALUES ('P33','BINE1',105.5069579,-1.900003118,105.5069579,-1.900003118);
INSERT INTO fbblock (blockID,divID,x1,y1,x2,y2) VALUES ('P33','BINE1',105.5068075,-1.903648803,105.5068075,-1.903648803);
INSERT INTO fbblock (blockID,divID,x1,y1,x2,y2) VALUES ('P33','BINE1',105.5068998,-1.898123016,105.5068998,-1.898123016);
INSERT INTO fbblock (blockID,divID,x1,y1,x2,y2) VALUES ('P33','BINE1',105.5081923,-1.902724321,105.5081923,-1.902724321);
INSERT INTO fbblock (blockID,divID,x1,y1,x2,y2) VALUES ('P34','BINE1',105.5109517,-1.90273121,105.5109517,-1.90273121);
INSERT INTO fbblock (blockID,divID,x1,y1,x2,y2) VALUES ('P34','BINE1',105.5096269,-1.89812162,105.5096269,-1.89812162);
INSERT INTO fbblock (blockID,divID,x1,y1,x2,y2) VALUES ('P34','BINE1',105.5095743,-1.902729292,105.5095743,-1.902729292);
INSERT INTO fbblock (blockID,divID,x1,y1,x2,y2) VALUES ('P35','BINE1',105.5123397,-1.898126114,105.5123397,-1.898126114);
INSERT INTO fbblock (blockID,divID,x1,y1,x2,y2) VALUES ('P35','BINE1',105.5118361,-1.900587679,105.5118361,-1.900587679);
INSERT INTO fbblock (blockID,divID,x1,y1,x2,y2) VALUES ('P35','BINE1',105.513618,-1.902743564,105.513618,-1.902743564);
INSERT INTO fbblock (blockID,divID,x1,y1,x2,y2) VALUES ('P35','BINE1',105.5123026,-1.902815817,105.5123026,-1.902815817);
INSERT INTO fbblock (blockID,divID,x1,y1,x2,y2) VALUES ('P36','BINE1',105.5149911,-1.902750969,105.5149911,-1.902750969);
INSERT INTO fbblock (blockID,divID,x1,y1,x2,y2) VALUES ('P36','BINE1',105.5163644,-1.902757236,105.5163644,-1.902757236);
INSERT INTO fbblock (blockID,divID,x1,y1,x2,y2) VALUES ('P36','BINE1',105.5150491,-1.898135477,105.5150491,-1.898135477);
INSERT INTO fbblock (blockID,divID,x1,y1,x2,y2) VALUES ('P37','BINE1',105.5178076,-1.89813363,105.5178076,-1.89813363);
INSERT INTO fbblock (blockID,divID,x1,y1,x2,y2) VALUES ('P37','BINE1',105.5191381,-1.902754437,105.5191381,-1.902754437);
INSERT INTO fbblock (blockID,divID,x1,y1,x2,y2) VALUES ('P37','BINE1',105.517752,-1.902757187,105.517752,-1.902757187);
INSERT INTO fbblock (blockID,divID,x1,y1,x2,y2) VALUES ('P38','BINE1',105.5218651,-1.90499689,105.5218651,-1.90499689);
INSERT INTO fbblock (blockID,divID,x1,y1,x2,y2) VALUES ('P38','BINE1',105.520491,-1.904982505,105.520491,-1.904982505);
INSERT INTO fbblock (blockID,divID,x1,y1,x2,y2) VALUES ('P38','BINE1',105.5205404,-1.902583373,105.5205404,-1.902583373);
INSERT INTO fbblock (blockID,divID,x1,y1,x2,y2) VALUES ('P38','BINE1',105.5217948,-1.906321066,105.5217948,-1.906321066);
INSERT INTO fbblock (blockID,divID,x1,y1,x2,y2) VALUES ('P39','BINE1',105.5219268,-1.906342784,105.5219268,-1.906342784);
INSERT INTO fbblock (blockID,divID,x1,y1,x2,y2) VALUES ('P39','BINE1',105.5232944,-1.902609265,105.5232944,-1.902609265);
INSERT INTO fbblock (blockID,divID,x1,y1,x2,y2) VALUES ('P39','BINE1',105.5246373,-1.905024301,105.5246373,-1.905024301);
INSERT INTO fbblock (blockID,divID,x1,y1,x2,y2) VALUES ('P39','BINE1',105.5243217,-1.907168527,105.5243217,-1.907168527);
INSERT INTO fbblock (blockID,divID,x1,y1,x2,y2) VALUES ('P39','BINE1',105.5232536,-1.905002404,105.5232536,-1.905002404);
INSERT INTO fbblock (blockID,divID,x1,y1,x2,y2) VALUES ('P40','BINE1',105.5257601,-1.905128034,105.5257601,-1.905128034);
INSERT INTO fbblock (blockID,divID,x1,y1,x2,y2) VALUES ('P40','BINE1',105.5268761,-1.905156791,105.5268761,-1.905156791);
INSERT INTO fbblock (blockID,divID,x1,y1,x2,y2) VALUES ('P40','BINE1',105.5257455,-1.902634665,105.5257455,-1.902634665);
INSERT INTO fbblock (blockID,divID,x1,y1,x2,y2) VALUES ('Q21','BINE2',105.4752085,-1.911828615,105.4752085,-1.911828615);
INSERT INTO fbblock (blockID,divID,x1,y1,x2,y2) VALUES ('Q21','BINE2',105.4724897,-1.912922994,105.4724897,-1.912922994);
INSERT INTO fbblock (blockID,divID,x1,y1,x2,y2) VALUES ('Q21','BINE2',105.4737757,-1.912441589,105.4737757,-1.912441589);
INSERT INTO fbblock (blockID,divID,x1,y1,x2,y2) VALUES ('Q21','BINE2',105.4738324,-1.911832745,105.4738324,-1.911832745);
INSERT INTO fbblock (blockID,divID,x1,y1,x2,y2) VALUES ('Q21','BINE2',105.47245,-1.911842235,105.47245,-1.911842235);
INSERT INTO fbblock (blockID,divID,x1,y1,x2,y2) VALUES ('Q21','BINE2',105.4738294,-1.907265945,105.4738294,-1.907265945);
INSERT INTO fbblock (blockID,divID,x1,y1,x2,y2) VALUES ('Q22','BINE2',105.4763378,-1.912260913,105.4763378,-1.912260913);
INSERT INTO fbblock (blockID,divID,x1,y1,x2,y2) VALUES ('Q22','BINE2',105.476614,-1.907259821,105.476614,-1.907259821);
INSERT INTO fbblock (blockID,divID,x1,y1,x2,y2) VALUES ('Q22','BINE2',105.4779695,-1.911829329,105.4779695,-1.911829329);
INSERT INTO fbblock (blockID,divID,x1,y1,x2,y2) VALUES ('Q22','BINE2',105.4765923,-1.911826953,105.4765923,-1.911826953);
INSERT INTO fbblock (blockID,divID,x1,y1,x2,y2) VALUES ('Q23','BINE2',105.4807121,-1.911827626,105.4807121,-1.911827626);
INSERT INTO fbblock (blockID,divID,x1,y1,x2,y2) VALUES ('Q23','BINE2',105.4792863,-1.910472872,105.4792863,-1.910472872);
INSERT INTO fbblock (blockID,divID,x1,y1,x2,y2) VALUES ('Q23','BINE2',105.4793396,-1.911830121,105.4793396,-1.911830121);
INSERT INTO fbblock (blockID,divID,x1,y1,x2,y2) VALUES ('Q23','BINE2',105.479368,-1.907253168,105.479368,-1.907253168);
INSERT INTO fbblock (blockID,divID,x1,y1,x2,y2) VALUES ('Q24','BINE2',105.4820979,-1.911817913,105.4820979,-1.911817913);
INSERT INTO fbblock (blockID,divID,x1,y1,x2,y2) VALUES ('Q24','BINE2',105.4834803,-1.91181944,105.4834803,-1.91181944);
INSERT INTO fbblock (blockID,divID,x1,y1,x2,y2) VALUES ('Q24','BINE2',105.4821309,-1.907243534,105.4821309,-1.907243534);
INSERT INTO fbblock (blockID,divID,x1,y1,x2,y2) VALUES ('Q25','BINE2',105.4848571,-1.911815081,105.4848571,-1.911815081);
INSERT INTO fbblock (blockID,divID,x1,y1,x2,y2) VALUES ('Q25','BINE2',105.4862361,-1.911820302,105.4862361,-1.911820302);
INSERT INTO fbblock (blockID,divID,x1,y1,x2,y2) VALUES ('Q25','BINE2',105.4852966,-1.91633887,105.4852966,-1.91633887);
INSERT INTO fbblock (blockID,divID,x1,y1,x2,y2) VALUES ('Q25','BINE2',105.4848945,-1.907249777,105.4848945,-1.907249777);
INSERT INTO fbblock (blockID,divID,x1,y1,x2,y2) VALUES ('Q26','BINE2',105.4876512,-1.907263245,105.4876512,-1.907263245);
INSERT INTO fbblock (blockID,divID,x1,y1,x2,y2) VALUES ('Q26','BINE2',105.4876014,-1.916332039,105.4876014,-1.916332039);
INSERT INTO fbblock (blockID,divID,x1,y1,x2,y2) VALUES ('Q26','BINE2',105.48761,-1.911807185,105.48761,-1.911807185);
INSERT INTO fbblock (blockID,divID,x1,y1,x2,y2) VALUES ('Q26','BINE2',105.488985,-1.911824516,105.488985,-1.911824516);
INSERT INTO fbblock (blockID,divID,x1,y1,x2,y2) VALUES ('Q27','BINE2',105.4919002,-1.911823258,105.4919002,-1.911823258);
INSERT INTO fbblock (blockID,divID,x1,y1,x2,y2) VALUES ('Q27','BINE2',105.4906778,-1.91331627,105.4906778,-1.91331627);
INSERT INTO fbblock (blockID,divID,x1,y1,x2,y2) VALUES ('Q27','BINE2',105.4904887,-1.907268628,105.4904887,-1.907268628);
INSERT INTO fbblock (blockID,divID,x1,y1,x2,y2) VALUES ('Q27','BINE2',105.4910246,-1.915693789,105.4910246,-1.915693789);
INSERT INTO fbblock (blockID,divID,x1,y1,x2,y2) VALUES ('Q27','BINE2',105.4904407,-1.911810945,105.4904407,-1.911810945);
INSERT INTO fbblock (blockID,divID,x1,y1,x2,y2) VALUES ('Q28','BINE2',105.4945082,-1.911827001,105.4945082,-1.911827001);
INSERT INTO fbblock (blockID,divID,x1,y1,x2,y2) VALUES ('Q28','BINE2',105.4932585,-1.907277854,105.4932585,-1.907277854);
INSERT INTO fbblock (blockID,divID,x1,y1,x2,y2) VALUES ('Q28','BINE2',105.4944613,-1.912144035,105.4944613,-1.912144035);
INSERT INTO fbblock (blockID,divID,x1,y1,x2,y2) VALUES ('Q28','BINE2',105.4931941,-1.911816052,105.4931941,-1.911816052);
INSERT INTO fbblock (blockID,divID,x1,y1,x2,y2) VALUES ('Q29','BINE2',105.4959199,-1.91182921,105.4959199,-1.91182921);
INSERT INTO fbblock (blockID,divID,x1,y1,x2,y2) VALUES ('Q29','BINE2',105.4945515,-1.912137771,105.4945515,-1.912137771);
INSERT INTO fbblock (blockID,divID,x1,y1,x2,y2) VALUES ('Q29','BINE2',105.4955995,-1.912230058,105.4955995,-1.912230058);
INSERT INTO fbblock (blockID,divID,x1,y1,x2,y2) VALUES ('Q29','BINE2',105.4973058,-1.911831909,105.4973058,-1.911831909);
INSERT INTO fbblock (blockID,divID,x1,y1,x2,y2) VALUES ('Q29','BINE2',105.495962,-1.907292401,105.495962,-1.907292401);
INSERT INTO fbblock (blockID,divID,x1,y1,x2,y2) VALUES ('Q30','BINE2',105.4987129,-1.90729273,105.4987129,-1.90729273);
INSERT INTO fbblock (blockID,divID,x1,y1,x2,y2) VALUES ('Q30','BINE2',105.498664,-1.911795026,105.498664,-1.911795026);
INSERT INTO fbblock (blockID,divID,x1,y1,x2,y2) VALUES ('Q30','BINE2',105.4995192,-1.915358862,105.4995192,-1.915358862);
INSERT INTO fbblock (blockID,divID,x1,y1,x2,y2) VALUES ('Q30','BINE2',105.4987472,-1.915621043,105.4987472,-1.915621043);
INSERT INTO fbblock (blockID,divID,x1,y1,x2,y2) VALUES ('Q30','BINE2',105.5000289,-1.911817789,105.5000289,-1.911817789);
INSERT INTO fbblock (blockID,divID,x1,y1,x2,y2) VALUES ('Q31','BINE1',105.5014123,-1.907298621,105.5014123,-1.907298621);
INSERT INTO fbblock (blockID,divID,x1,y1,x2,y2) VALUES ('Q31','BINE1',105.5026928,-1.911823885,105.5026928,-1.911823885);
INSERT INTO fbblock (blockID,divID,x1,y1,x2,y2) VALUES ('Q31','BINE1',105.5007999,-1.91550796,105.5007999,-1.91550796);
INSERT INTO fbblock (blockID,divID,x1,y1,x2,y2) VALUES ('Q31','BINE1',105.5013637,-1.911795337,105.5013637,-1.911795337);
INSERT INTO fbblock (blockID,divID,x1,y1,x2,y2) VALUES ('Q31','BINE1',105.5011473,-1.912358558,105.5011473,-1.912358558);
INSERT INTO fbblock (blockID,divID,x1,y1,x2,y2) VALUES ('Q32','BINE1',105.5040775,-1.911840514,105.5040775,-1.911840514);
INSERT INTO fbblock (blockID,divID,x1,y1,x2,y2) VALUES ('Q32','BINE1',105.5041333,-1.907313453,105.5041333,-1.907313453);
INSERT INTO fbblock (blockID,divID,x1,y1,x2,y2) VALUES ('Q32','BINE1',105.5054597,-1.911825515,105.5054597,-1.911825515);
INSERT INTO fbblock (blockID,divID,x1,y1,x2,y2) VALUES ('Q32','BINE1',105.5037095,-1.909000812,105.5037095,-1.909000812);
INSERT INTO fbblock (blockID,divID,x1,y1,x2,y2) VALUES ('Q33','BINE1',105.5068059,-1.911834722,105.5068059,-1.911834722);
INSERT INTO fbblock (blockID,divID,x1,y1,x2,y2) VALUES ('Q33','BINE1',105.508157,-1.911831875,105.508157,-1.911831875);
INSERT INTO fbblock (blockID,divID,x1,y1,x2,y2) VALUES ('Q33','BINE1',105.5068602,-1.907325012,105.5068602,-1.907325012);
INSERT INTO fbblock (blockID,divID,x1,y1,x2,y2) VALUES ('Q34','BINE1',105.5095846,-1.907334003,105.5095846,-1.907334003);
INSERT INTO fbblock (blockID,divID,x1,y1,x2,y2) VALUES ('Q34','BINE1',105.5094227,-1.911845599,105.5094227,-1.911845599);
INSERT INTO fbblock (blockID,divID,x1,y1,x2,y2) VALUES ('Q34','BINE1',105.5112216,-1.911928927,105.5112216,-1.911928927);
INSERT INTO fbblock (blockID,divID,x1,y1,x2,y2) VALUES ('Q34','BINE1',105.5103151,-1.911938952,105.5103151,-1.911938952);
INSERT INTO fbblock (blockID,divID,x1,y1,x2,y2) VALUES ('Q35','BINE1',105.512293,-1.907348895,105.512293,-1.907348895);
INSERT INTO fbblock (blockID,divID,x1,y1,x2,y2) VALUES ('Q35','BINE1',105.5123474,-1.911763666,105.5123474,-1.911763666);
INSERT INTO fbblock (blockID,divID,x1,y1,x2,y2) VALUES ('Q35','BINE1',105.5135679,-1.911832509,105.5135679,-1.911832509);
INSERT INTO fbblock (blockID,divID,x1,y1,x2,y2) VALUES ('Q35','BINE1',105.5135226,-1.912764017,105.5135226,-1.912764017);
INSERT INTO fbblock (blockID,divID,x1,y1,x2,y2) VALUES ('Q36','BINE1',105.5141765,-1.91565135,105.5141765,-1.91565135);
INSERT INTO fbblock (blockID,divID,x1,y1,x2,y2) VALUES ('Q36','BINE1',105.5149466,-1.911810849,105.5149466,-1.911810849);
INSERT INTO fbblock (blockID,divID,x1,y1,x2,y2) VALUES ('Q36','BINE1',105.5163111,-1.911838429,105.5163111,-1.911838429);
INSERT INTO fbblock (blockID,divID,x1,y1,x2,y2) VALUES ('Q36','BINE1',105.5149962,-1.907365691,105.5149962,-1.907365691);
INSERT INTO fbblock (blockID,divID,x1,y1,x2,y2) VALUES ('Q36','BINE1',105.5139623,-1.914184314,105.5139623,-1.914184314);
INSERT INTO fbblock (blockID,divID,x1,y1,x2,y2) VALUES ('Q37','BINE1',105.5191065,-1.911837731,105.5191065,-1.911837731);
INSERT INTO fbblock (blockID,divID,x1,y1,x2,y2) VALUES ('Q37','BINE1',105.517758,-1.907377801,105.517758,-1.907377801);
INSERT INTO fbblock (blockID,divID,x1,y1,x2,y2) VALUES ('Q37','BINE1',105.5177081,-1.9118483,105.5177081,-1.9118483);
INSERT INTO fbblock (blockID,divID,x1,y1,x2,y2) VALUES ('Q38','BINE1',105.5205144,-1.907393316,105.5205144,-1.907393316);
INSERT INTO fbblock (blockID,divID,x1,y1,x2,y2) VALUES ('Q38','BINE1',105.521831,-1.911844738,105.521831,-1.911844738);
INSERT INTO fbblock (blockID,divID,x1,y1,x2,y2) VALUES ('Q38','BINE1',105.5217849,-1.908668647,105.5217849,-1.908668647);
INSERT INTO fbblock (blockID,divID,x1,y1,x2,y2) VALUES ('Q38','BINE1',105.5204651,-1.911842043,105.5204651,-1.911842043);
INSERT INTO fbblock (blockID,divID,x1,y1,x2,y2) VALUES ('Q39','BINE1',105.5246099,-1.911863468,105.5246099,-1.911863468);
INSERT INTO fbblock (blockID,divID,x1,y1,x2,y2) VALUES ('Q39','BINE1',105.5233124,-1.912857723,105.5233124,-1.912857723);
INSERT INTO fbblock (blockID,divID,x1,y1,x2,y2) VALUES ('Q39','BINE1',105.5232708,-1.907412536,105.5232708,-1.907412536);
INSERT INTO fbblock (blockID,divID,x1,y1,x2,y2) VALUES ('Q39','BINE1',105.5232214,-1.91183779,105.5232214,-1.91183779);
INSERT INTO fbblock (blockID,divID,x1,y1,x2,y2) VALUES ('Q39','BINE1',105.5225435,-1.911721153,105.5225435,-1.911721153);
INSERT INTO fbblock (blockID,divID,x1,y1,x2,y2) VALUES ('Q40','BINE1',105.52594,-1.911856945,105.52594,-1.911856945);
INSERT INTO fbblock (blockID,divID,x1,y1,x2,y2) VALUES ('Q40','BINE1',105.5272699,-1.911879495,105.5272699,-1.911879495);
INSERT INTO fbblock (blockID,divID,x1,y1,x2,y2) VALUES ('Q40','BINE1',105.5259954,-1.907434343,105.5259954,-1.907434343);
INSERT INTO fbblock (blockID,divID,x1,y1,x2,y2) VALUES ('Q40','BINE1',105.5256653,-1.916258249,105.5256653,-1.916258249);
INSERT INTO fbblock (blockID,divID,x1,y1,x2,y2) VALUES ('R21','BINE3',105.4724596,-1.920971466,105.4724596,-1.920971466);
INSERT INTO fbblock (blockID,divID,x1,y1,x2,y2) VALUES ('R21','BINE3',105.4752089,-1.920971309,105.4752089,-1.920971309);
INSERT INTO fbblock (blockID,divID,x1,y1,x2,y2) VALUES ('R21','BINE3',105.4738339,-1.916405171,105.4738339,-1.916405171);
INSERT INTO fbblock (blockID,divID,x1,y1,x2,y2) VALUES ('R21','BINE3',105.4738323,-1.920959874,105.4738323,-1.920959874);
INSERT INTO fbblock (blockID,divID,x1,y1,x2,y2) VALUES ('R22','BINE3',105.4766313,-1.916398089,105.4766313,-1.916398089);
INSERT INTO fbblock (blockID,divID,x1,y1,x2,y2) VALUES ('R22','BINE3',105.4779806,-1.920967823,105.4779806,-1.920967823);
INSERT INTO fbblock (blockID,divID,x1,y1,x2,y2) VALUES ('R22','BINE3',105.4765971,-1.920974908,105.4765971,-1.920974908);
INSERT INTO fbblock (blockID,divID,x1,y1,x2,y2) VALUES ('R23','BINE3',105.479381,-1.916403768,105.479381,-1.916403768);
INSERT INTO fbblock (blockID,divID,x1,y1,x2,y2) VALUES ('R23','BINE3',105.4807113,-1.92097438,105.4807113,-1.92097438);
INSERT INTO fbblock (blockID,divID,x1,y1,x2,y2) VALUES ('R23','BINE3',105.4793431,-1.92096732,105.4793431,-1.92096732);
INSERT INTO fbblock (blockID,divID,x1,y1,x2,y2) VALUES ('R24','BINE3',105.4821289,-1.916403273,105.4821289,-1.916403273);
INSERT INTO fbblock (blockID,divID,x1,y1,x2,y2) VALUES ('R24','BINE3',105.4833195,-1.921273086,105.4833195,-1.921273086);
INSERT INTO fbblock (blockID,divID,x1,y1,x2,y2) VALUES ('R24','BINE3',105.4820627,-1.920792516,105.4820627,-1.920792516);
INSERT INTO fbblock (blockID,divID,x1,y1,x2,y2) VALUES ('R25','BINE3',105.484661,-1.920749644,105.484661,-1.920749644);
INSERT INTO fbblock (blockID,divID,x1,y1,x2,y2) VALUES ('R25','BINE3',105.4848848,-1.916389936,105.4848848,-1.916389936);
INSERT INTO fbblock (blockID,divID,x1,y1,x2,y2) VALUES ('R25','BINE3',105.4855551,-1.921920354,105.4855551,-1.921920354);
INSERT INTO fbblock (blockID,divID,x1,y1,x2,y2) VALUES ('R25','BINE3',105.4852964,-1.916438386,105.4852964,-1.916438386);
INSERT INTO fbblock (blockID,divID,x1,y1,x2,y2) VALUES ('R26','BINE3',105.4876327,-1.91638171,105.4876327,-1.91638171);
INSERT INTO fbblock (blockID,divID,x1,y1,x2,y2) VALUES ('R26','BINE3',105.4873754,-1.921313488,105.4873754,-1.921313488);
INSERT INTO fbblock (blockID,divID,x1,y1,x2,y2) VALUES ('R26','BINE3',105.4883253,-1.917311251,105.4883253,-1.917311251);
INSERT INTO fbblock (blockID,divID,x1,y1,x2,y2) VALUES ('R26','BINE3',105.4889524,-1.920963595,105.4889524,-1.920963595);
INSERT INTO fbblock (blockID,divID,x1,y1,x2,y2) VALUES ('R26','BINE3',105.4866684,-1.923706807,105.4866684,-1.923706807);
INSERT INTO fbblock (blockID,divID,x1,y1,x2,y2) VALUES ('R27','BINE3',105.4918658,-1.920978928,105.4918658,-1.920978928);
INSERT INTO fbblock (blockID,divID,x1,y1,x2,y2) VALUES ('R27','BINE3',105.4904129,-1.920985751,105.4904129,-1.920985751);
INSERT INTO fbblock (blockID,divID,x1,y1,x2,y2) VALUES ('R27','BINE3',105.4896755,-1.917282645,105.4896755,-1.917282645);
INSERT INTO fbblock (blockID,divID,x1,y1,x2,y2) VALUES ('R27','BINE3',105.4904593,-1.916379095,105.4904593,-1.916379095);
INSERT INTO fbblock (blockID,divID,x1,y1,x2,y2) VALUES ('R28','BINE3',105.4932173,-1.91637246,105.4932173,-1.91637246);
INSERT INTO fbblock (blockID,divID,x1,y1,x2,y2) VALUES ('R28','BINE3',105.4944707,-1.920971933,105.4944707,-1.920971933);
INSERT INTO fbblock (blockID,divID,x1,y1,x2,y2) VALUES ('R28','BINE3',105.4931663,-1.920980918,105.4931663,-1.920980918);
INSERT INTO fbblock (blockID,divID,x1,y1,x2,y2) VALUES ('R29','BINE3',105.4959194,-1.916366721,105.4959194,-1.916366721);
INSERT INTO fbblock (blockID,divID,x1,y1,x2,y2) VALUES ('R29','BINE3',105.4972659,-1.920979629,105.4972659,-1.920979629);
INSERT INTO fbblock (blockID,divID,x1,y1,x2,y2) VALUES ('R29','BINE3',105.4958708,-1.920968318,105.4958708,-1.920968318);
INSERT INTO fbblock (blockID,divID,x1,y1,x2,y2) VALUES ('R30','BINE3',105.5000028,-1.920978004,105.5000028,-1.920978004);
INSERT INTO fbblock (blockID,divID,x1,y1,x2,y2) VALUES ('R30','BINE3',105.4986848,-1.916358339,105.4986848,-1.916358339);
INSERT INTO fbblock (blockID,divID,x1,y1,x2,y2) VALUES ('R30','BINE3',105.4986304,-1.921013679,105.4986304,-1.921013679);
INSERT INTO fbblock (blockID,divID,x1,y1,x2,y2) VALUES ('R30','BINE3',105.4993251,-1.916770092,105.4993251,-1.916770092);
INSERT INTO fbblock (blockID,divID,x1,y1,x2,y2) VALUES ('R30','BINE3',105.4994559,-1.916734609,105.4994559,-1.916734609);
INSERT INTO fbblock (blockID,divID,x1,y1,x2,y2) VALUES ('R31','BINE3',105.5026434,-1.920975817,105.5026434,-1.920975817);
INSERT INTO fbblock (blockID,divID,x1,y1,x2,y2) VALUES ('R31','BINE3',105.5013795,-1.919182404,105.5013795,-1.919182404);
INSERT INTO fbblock (blockID,divID,x1,y1,x2,y2) VALUES ('R31','BINE3',105.5013723,-1.916343031,105.5013723,-1.916343031);
INSERT INTO fbblock (blockID,divID,x1,y1,x2,y2) VALUES ('R31','BINE3',105.5018397,-1.919282225,105.5018397,-1.919282225);
INSERT INTO fbblock (blockID,divID,x1,y1,x2,y2) VALUES ('R31','BINE3',105.5013183,-1.921025997,105.5013183,-1.921025997);
INSERT INTO fbblock (blockID,divID,x1,y1,x2,y2) VALUES ('R32','BINE4',105.5040822,-1.916335992,105.5040822,-1.916335992);
INSERT INTO fbblock (blockID,divID,x1,y1,x2,y2) VALUES ('R32','BINE4',105.5040465,-1.920959425,105.5040465,-1.920959425);
INSERT INTO fbblock (blockID,divID,x1,y1,x2,y2) VALUES ('R32','BINE4',105.5030786,-1.923082162,105.5030786,-1.923082162);
INSERT INTO fbblock (blockID,divID,x1,y1,x2,y2) VALUES ('R32','BINE4',105.5054182,-1.920988807,105.5054182,-1.920988807);
INSERT INTO fbblock (blockID,divID,x1,y1,x2,y2) VALUES ('R32','BINE4',105.5030592,-1.921886527,105.5030592,-1.921886527);
INSERT INTO fbblock (blockID,divID,x1,y1,x2,y2) VALUES ('R33','BINE4',105.5081167,-1.920893954,105.5081167,-1.920893954);
INSERT INTO fbblock (blockID,divID,x1,y1,x2,y2) VALUES ('R33','BINE4',105.5067663,-1.920986444,105.5067663,-1.920986444);
INSERT INTO fbblock (blockID,divID,x1,y1,x2,y2) VALUES ('R33','BINE4',105.5068239,-1.916332524,105.5068239,-1.916332524);
INSERT INTO fbblock (blockID,divID,x1,y1,x2,y2) VALUES ('R34','BINE4',105.5094912,-1.920995656,105.5094912,-1.920995656);
INSERT INTO fbblock (blockID,divID,x1,y1,x2,y2) VALUES ('R34','BINE4',105.5108621,-1.921008888,105.5108621,-1.921008888);
INSERT INTO fbblock (blockID,divID,x1,y1,x2,y2) VALUES ('R34','BINE4',105.5095554,-1.916331374,105.5095554,-1.916331374);
INSERT INTO fbblock (blockID,divID,x1,y1,x2,y2) VALUES ('R35','BINE4',105.5122534,-1.916317036,105.5122534,-1.916317036);
INSERT INTO fbblock (blockID,divID,x1,y1,x2,y2) VALUES ('R35','BINE4',105.5135144,-1.921007998,105.5135144,-1.921007998);
INSERT INTO fbblock (blockID,divID,x1,y1,x2,y2) VALUES ('R35','BINE4',105.5121893,-1.921012686,105.5121893,-1.921012686);
INSERT INTO fbblock (blockID,divID,x1,y1,x2,y2) VALUES ('R36','BINE4',105.5149456,-1.916305369,105.5149456,-1.916305369);
INSERT INTO fbblock (blockID,divID,x1,y1,x2,y2) VALUES ('R36','BINE4',105.5155348,-1.917242137,105.5155348,-1.917242137);
INSERT INTO fbblock (blockID,divID,x1,y1,x2,y2) VALUES ('R36','BINE4',105.5147578,-1.91635511,105.5147578,-1.91635511);
INSERT INTO fbblock (blockID,divID,x1,y1,x2,y2) VALUES ('R36','BINE4',105.516252,-1.921015657,105.516252,-1.921015657);
INSERT INTO fbblock (blockID,divID,x1,y1,x2,y2) VALUES ('R36','BINE4',105.5148808,-1.921036135,105.5148808,-1.921036135);
INSERT INTO fbblock (blockID,divID,x1,y1,x2,y2) VALUES ('R37','BINE4',105.5176661,-1.921040657,105.5176661,-1.921040657);
INSERT INTO fbblock (blockID,divID,x1,y1,x2,y2) VALUES ('R37','BINE4',105.519081,-1.921022495,105.519081,-1.921022495);
INSERT INTO fbblock (blockID,divID,x1,y1,x2,y2) VALUES ('R37','BINE4',105.5177225,-1.916298313,105.5177225,-1.916298313);
INSERT INTO fbblock (blockID,divID,x1,y1,x2,y2) VALUES ('R37','BINE4',105.5177968,-1.919709159,105.5177968,-1.919709159);
INSERT INTO fbblock (blockID,divID,x1,y1,x2,y2) VALUES ('R38','BINE4',105.520486,-1.916289228,105.520486,-1.916289228);
INSERT INTO fbblock (blockID,divID,x1,y1,x2,y2) VALUES ('R38','BINE4',105.521781,-1.921035559,105.521781,-1.921035559);
INSERT INTO fbblock (blockID,divID,x1,y1,x2,y2) VALUES ('R38','BINE4',105.5204316,-1.921004785,105.5204316,-1.921004785);
INSERT INTO fbblock (blockID,divID,x1,y1,x2,y2) VALUES ('R38','BINE4',105.5204608,-1.923098747,105.5204608,-1.923098747);
INSERT INTO fbblock (blockID,divID,x1,y1,x2,y2) VALUES ('R39','BINE4',105.5231663,-1.921066603,105.5231663,-1.921066603);
INSERT INTO fbblock (blockID,divID,x1,y1,x2,y2) VALUES ('R39','BINE4',105.5232328,-1.916296035,105.5232328,-1.916296035);
INSERT INTO fbblock (blockID,divID,x1,y1,x2,y2) VALUES ('R39','BINE4',105.5238433,-1.918152556,105.5238433,-1.918152556);
INSERT INTO fbblock (blockID,divID,x1,y1,x2,y2) VALUES ('R39','BINE4',105.5245605,-1.921056572,105.5245605,-1.921056572);
INSERT INTO fbblock (blockID,divID,x1,y1,x2,y2) VALUES ('R39','BINE4',105.5236155,-1.918737253,105.5236155,-1.918737253);
INSERT INTO fbblock (blockID,divID,x1,y1,x2,y2) VALUES ('R40','BINE4',105.5258921,-1.921093034,105.5258921,-1.921093034);
INSERT INTO fbblock (blockID,divID,x1,y1,x2,y2) VALUES ('R40','BINE4',105.5255667,-1.919838543,105.5255667,-1.919838543);
INSERT INTO fbblock (blockID,divID,x1,y1,x2,y2) VALUES ('R40','BINE4',105.5250749,-1.917158559,105.5250749,-1.917158559);
INSERT INTO fbblock (blockID,divID,x1,y1,x2,y2) VALUES ('R40','BINE4',105.5272105,-1.921072487,105.5272105,-1.921072487);
INSERT INTO fbblock (blockID,divID,x1,y1,x2,y2) VALUES ('R40','BINE4',105.5259473,-1.916308915,105.5259473,-1.916308915);
INSERT INTO fbblock (blockID,divID,x1,y1,x2,y2) VALUES ('R41','BINE4',105.5286068,-1.923288953,105.5286068,-1.923288953);
INSERT INTO fbblock (blockID,divID,x1,y1,x2,y2) VALUES ('R41','BINE4',105.5299885,-1.921437657,105.5299885,-1.921437657);
INSERT INTO fbblock (blockID,divID,x1,y1,x2,y2) VALUES ('R41','BINE4',105.5286769,-1.916318557,105.5286769,-1.916318557);
INSERT INTO fbblock (blockID,divID,x1,y1,x2,y2) VALUES ('R41','BINE4',105.5286157,-1.92107292,105.5286157,-1.92107292);
INSERT INTO fbblock (blockID,divID,x1,y1,x2,y2) VALUES ('R41','BINE4',105.5300305,-1.921096015,105.5300305,-1.921096015);
INSERT INTO fbblock (blockID,divID,x1,y1,x2,y2) VALUES ('S21','BINE3',105.4752745,-1.930345331,105.4752745,-1.930345331);
INSERT INTO fbblock (blockID,divID,x1,y1,x2,y2) VALUES ('S21','BINE3',105.4738391,-1.925537589,105.4738391,-1.925537589);
INSERT INTO fbblock (blockID,divID,x1,y1,x2,y2) VALUES ('S21','BINE3',105.4724739,-1.930090217,105.4724739,-1.930090217);
INSERT INTO fbblock (blockID,divID,x1,y1,x2,y2) VALUES ('S21','BINE3',105.4746952,-1.933735994,105.4746952,-1.933735994);
INSERT INTO fbblock (blockID,divID,x1,y1,x2,y2) VALUES ('S21','BINE3',105.4737884,-1.929828555,105.4737884,-1.929828555);
INSERT INTO fbblock (blockID,divID,x1,y1,x2,y2) VALUES ('S22','BINE3',105.4766255,-1.9255409,105.4766255,-1.9255409);
INSERT INTO fbblock (blockID,divID,x1,y1,x2,y2) VALUES ('S22','BINE3',105.4765599,-1.929987138,105.4765599,-1.929987138);
INSERT INTO fbblock (blockID,divID,x1,y1,x2,y2) VALUES ('S22','BINE3',105.4778077,-1.930177877,105.4778077,-1.930177877);
INSERT INTO fbblock (blockID,divID,x1,y1,x2,y2) VALUES ('S23','BINE3',105.4793782,-1.925538641,105.4793782,-1.925538641);
INSERT INTO fbblock (blockID,divID,x1,y1,x2,y2) VALUES ('S23','BINE3',105.4807009,-1.930094663,105.4807009,-1.930094663);
INSERT INTO fbblock (blockID,divID,x1,y1,x2,y2) VALUES ('S23','BINE3',105.4806549,-1.930940117,105.4806549,-1.930940117);
INSERT INTO fbblock (blockID,divID,x1,y1,x2,y2) VALUES ('S23','BINE3',105.4792401,-1.930160384,105.4792401,-1.930160384);
INSERT INTO fbblock (blockID,divID,x1,y1,x2,y2) VALUES ('S23','BINE3',105.4792056,-1.932247871,105.4792056,-1.932247871);
INSERT INTO fbblock (blockID,divID,x1,y1,x2,y2) VALUES ('S24','BINE3',105.4821023,-1.930080291,105.4821023,-1.930080291);
INSERT INTO fbblock (blockID,divID,x1,y1,x2,y2) VALUES ('S24','BINE3',105.4834797,-1.930108816,105.4834797,-1.930108816);
INSERT INTO fbblock (blockID,divID,x1,y1,x2,y2) VALUES ('S24','BINE3',105.4820992,-1.925533681,105.4820992,-1.925533681);
INSERT INTO fbblock (blockID,divID,x1,y1,x2,y2) VALUES ('S24','BINE3',105.481106,-1.934094554,105.481106,-1.934094554);
INSERT INTO fbblock (blockID,divID,x1,y1,x2,y2) VALUES ('S24','BINE3',105.4811042,-1.931953951,105.4811042,-1.931953951);
INSERT INTO fbblock (blockID,divID,x1,y1,x2,y2) VALUES ('S25','BINE3',105.4844401,-1.925686175,105.4844401,-1.925686175);
INSERT INTO fbblock (blockID,divID,x1,y1,x2,y2) VALUES ('S25','BINE3',105.4860745,-1.930027749,105.4860745,-1.930027749);
INSERT INTO fbblock (blockID,divID,x1,y1,x2,y2) VALUES ('S25','BINE3',105.4847982,-1.930266864,105.4847982,-1.930266864);
INSERT INTO fbblock (blockID,divID,x1,y1,x2,y2) VALUES ('S26','BINE3',105.4862091,-1.925808143,105.4862091,-1.925808143);
INSERT INTO fbblock (blockID,divID,x1,y1,x2,y2) VALUES ('S26','BINE3',105.4889273,-1.930106999,105.4889273,-1.930106999);
INSERT INTO fbblock (blockID,divID,x1,y1,x2,y2) VALUES ('S26','BINE3',105.4875086,-1.930043492,105.4875086,-1.930043492);
INSERT INTO fbblock (blockID,divID,x1,y1,x2,y2) VALUES ('S26','BINE3',105.4872637,-1.925555087,105.4872637,-1.925555087);
INSERT INTO fbblock (blockID,divID,x1,y1,x2,y2) VALUES ('S27','BINE3',105.4903816,-1.930116898,105.4903816,-1.930116898);
INSERT INTO fbblock (blockID,divID,x1,y1,x2,y2) VALUES ('S27','BINE3',105.4918366,-1.930128739,105.4918366,-1.930128739);
INSERT INTO fbblock (blockID,divID,x1,y1,x2,y2) VALUES ('S27','BINE3',105.4904218,-1.925563755,105.4904218,-1.925563755);
INSERT INTO fbblock (blockID,divID,x1,y1,x2,y2) VALUES ('S28','BINE3',105.4931867,-1.925578227,105.4931867,-1.925578227);
INSERT INTO fbblock (blockID,divID,x1,y1,x2,y2) VALUES ('S28','BINE3',105.4931355,-1.930123514,105.4931355,-1.930123514);
INSERT INTO fbblock (blockID,divID,x1,y1,x2,y2) VALUES ('S28','BINE3',105.4944386,-1.930132609,105.4944386,-1.930132609);
INSERT INTO fbblock (blockID,divID,x1,y1,x2,y2) VALUES ('S29','BINE3',105.4972173,-1.93014707,105.4972173,-1.93014707);
INSERT INTO fbblock (blockID,divID,x1,y1,x2,y2) VALUES ('S29','BINE3',105.4958303,-1.9301382,105.4958303,-1.9301382);
INSERT INTO fbblock (blockID,divID,x1,y1,x2,y2) VALUES ('S29','BINE3',105.4958846,-1.925584988,105.4958846,-1.925584988);
INSERT INTO fbblock (blockID,divID,x1,y1,x2,y2) VALUES ('S30','BINE3',105.4999793,-1.93014845,105.4999793,-1.93014845);
INSERT INTO fbblock (blockID,divID,x1,y1,x2,y2) VALUES ('S30','BINE3',105.4985988,-1.93014781,105.4985988,-1.93014781);
INSERT INTO fbblock (blockID,divID,x1,y1,x2,y2) VALUES ('S30','BINE3',105.4978348,-1.93454112,105.4978348,-1.93454112);
INSERT INTO fbblock (blockID,divID,x1,y1,x2,y2) VALUES ('S30','BINE3',105.4986469,-1.925600919,105.4986469,-1.925600919);
INSERT INTO fbblock (blockID,divID,x1,y1,x2,y2) VALUES ('S31','BINE3',105.5013369,-1.925610655,105.5013369,-1.925610655);
INSERT INTO fbblock (blockID,divID,x1,y1,x2,y2) VALUES ('S31','BINE3',105.5010186,-1.934581819,105.5010186,-1.934581819);
INSERT INTO fbblock (blockID,divID,x1,y1,x2,y2) VALUES ('S31','BINE3',105.5012835,-1.930125666,105.5012835,-1.930125666);
INSERT INTO fbblock (blockID,divID,x1,y1,x2,y2) VALUES ('S31','BINE3',105.5025857,-1.930155408,105.5025857,-1.930155408);
INSERT INTO fbblock (blockID,divID,x1,y1,x2,y2) VALUES ('S32','BINE4',105.5050459,-1.928240829,105.5050459,-1.928240829);
INSERT INTO fbblock (blockID,divID,x1,y1,x2,y2) VALUES ('S32','BINE4',105.5053655,-1.93018477,105.5053655,-1.93018477);
INSERT INTO fbblock (blockID,divID,x1,y1,x2,y2) VALUES ('S32','BINE4',105.5044788,-1.927672003,105.5044788,-1.927672003);
INSERT INTO fbblock (blockID,divID,x1,y1,x2,y2) VALUES ('S32','BINE4',105.5039641,-1.93020624,105.5039641,-1.93020624);
INSERT INTO fbblock (blockID,divID,x1,y1,x2,y2) VALUES ('S32','BINE4',105.5040422,-1.925628898,105.5040422,-1.925628898);
INSERT INTO fbblock (blockID,divID,x1,y1,x2,y2) VALUES ('S33','BINE4',105.5067755,-1.92564956,105.5067755,-1.92564956);
INSERT INTO fbblock (blockID,divID,x1,y1,x2,y2) VALUES ('S33','BINE4',105.5080051,-1.930214393,105.5080051,-1.930214393);
INSERT INTO fbblock (blockID,divID,x1,y1,x2,y2) VALUES ('S33','BINE4',105.5069429,-1.927592792,105.5069429,-1.927592792);
INSERT INTO fbblock (blockID,divID,x1,y1,x2,y2) VALUES ('S33','BINE4',105.5065544,-1.930872019,105.5065544,-1.930872019);
INSERT INTO fbblock (blockID,divID,x1,y1,x2,y2) VALUES ('S33','BINE4',105.5062239,-1.93045186,105.5062239,-1.93045186);
INSERT INTO fbblock (blockID,divID,x1,y1,x2,y2) VALUES ('S33','BINE4',105.5066067,-1.930958389,105.5066067,-1.930958389);
INSERT INTO fbblock (blockID,divID,x1,y1,x2,y2) VALUES ('S34','BINE4',105.5107995,-1.930215762,105.5107995,-1.930215762);
INSERT INTO fbblock (blockID,divID,x1,y1,x2,y2) VALUES ('S34','BINE4',105.5095275,-1.931713786,105.5095275,-1.931713786);
INSERT INTO fbblock (blockID,divID,x1,y1,x2,y2) VALUES ('S34','BINE4',105.5088411,-1.927725697,105.5088411,-1.927725697);
INSERT INTO fbblock (blockID,divID,x1,y1,x2,y2) VALUES ('S34','BINE4',105.5084082,-1.933424025,105.5084082,-1.933424025);
INSERT INTO fbblock (blockID,divID,x1,y1,x2,y2) VALUES ('S34','BINE4',105.5081045,-1.931482418,105.5081045,-1.931482418);
INSERT INTO fbblock (blockID,divID,x1,y1,x2,y2) VALUES ('S34','BINE4',105.5096876,-1.930510215,105.5096876,-1.930510215);
INSERT INTO fbblock (blockID,divID,x1,y1,x2,y2) VALUES ('S34','BINE4',105.5094881,-1.925668002,105.5094881,-1.925668002);
INSERT INTO fbblock (blockID,divID,x1,y1,x2,y2) VALUES ('S35','BINE4',105.5121861,-1.925699858,105.5121861,-1.925699858);
INSERT INTO fbblock (blockID,divID,x1,y1,x2,y2) VALUES ('S35','BINE4',105.513456,-1.930233036,105.513456,-1.930233036);
INSERT INTO fbblock (blockID,divID,x1,y1,x2,y2) VALUES ('S35','BINE4',105.5124164,-1.930929161,105.5124164,-1.930929161);
INSERT INTO fbblock (blockID,divID,x1,y1,x2,y2) VALUES ('S35','BINE4',105.5134056,-1.931819285,105.5134056,-1.931819285);
INSERT INTO fbblock (blockID,divID,x1,y1,x2,y2) VALUES ('S35','BINE4',105.5121218,-1.930211706,105.5121218,-1.930211706);
INSERT INTO fbblock (blockID,divID,x1,y1,x2,y2) VALUES ('S36','BINE4',105.516193,-1.9302469,105.516193,-1.9302469);
INSERT INTO fbblock (blockID,divID,x1,y1,x2,y2) VALUES ('S36','BINE4',105.5148542,-1.933241016,105.5148542,-1.933241016);
INSERT INTO fbblock (blockID,divID,x1,y1,x2,y2) VALUES ('S36','BINE4',105.5148217,-1.930203992,105.5148217,-1.930203992);
INSERT INTO fbblock (blockID,divID,x1,y1,x2,y2) VALUES ('S36','BINE4',105.5150692,-1.932322911,105.5150692,-1.932322911);
INSERT INTO fbblock (blockID,divID,x1,y1,x2,y2) VALUES ('S36','BINE4',105.5148837,-1.925718424,105.5148837,-1.925718424);
INSERT INTO fbblock (blockID,divID,x1,y1,x2,y2) VALUES ('S37','BINE4',105.5176734,-1.925739979,105.5176734,-1.925739979);
INSERT INTO fbblock (blockID,divID,x1,y1,x2,y2) VALUES ('S37','BINE4',105.5169872,-1.93422552,105.5169872,-1.93422552);
INSERT INTO fbblock (blockID,divID,x1,y1,x2,y2) VALUES ('S37','BINE4',105.5176237,-1.930232904,105.5176237,-1.930232904);
INSERT INTO fbblock (blockID,divID,x1,y1,x2,y2) VALUES ('S37','BINE4',105.5169941,-1.934230475,105.5169941,-1.934230475);
INSERT INTO fbblock (blockID,divID,x1,y1,x2,y2) VALUES ('S37','BINE4',105.5190452,-1.930270656,105.5190452,-1.930270656);
INSERT INTO fbblock (blockID,divID,x1,y1,x2,y2) VALUES ('S38','BINE4',105.5203887,-1.930276545,105.5203887,-1.930276545);
INSERT INTO fbblock (blockID,divID,x1,y1,x2,y2) VALUES ('S38','BINE4',105.5217314,-1.930295554,105.5217314,-1.930295554);
INSERT INTO fbblock (blockID,divID,x1,y1,x2,y2) VALUES ('S38','BINE4',105.519875,-1.934744166,105.519875,-1.934744166);
INSERT INTO fbblock (blockID,divID,x1,y1,x2,y2) VALUES ('S38','BINE4',105.5204389,-1.925769052,105.5204389,-1.925769052);
INSERT INTO fbblock (blockID,divID,x1,y1,x2,y2) VALUES ('S39','BINE4',105.5231716,-1.925796557,105.5231716,-1.925796557);
INSERT INTO fbblock (blockID,divID,x1,y1,x2,y2) VALUES ('S39','BINE4',105.523116,-1.930323962,105.523116,-1.930323962);
INSERT INTO fbblock (blockID,divID,x1,y1,x2,y2) VALUES ('S39','BINE4',105.5231093,-1.927629626,105.5231093,-1.927629626);
INSERT INTO fbblock (blockID,divID,x1,y1,x2,y2) VALUES ('S39','BINE4',105.5245009,-1.930315406,105.5245009,-1.930315406);
INSERT INTO fbblock (blockID,divID,x1,y1,x2,y2) VALUES ('S40','BINE4',105.5259462,-1.930640615,105.5259462,-1.930640615);
INSERT INTO fbblock (blockID,divID,x1,y1,x2,y2) VALUES ('S40','BINE4',105.5271674,-1.930332005,105.5271674,-1.930332005);
INSERT INTO fbblock (blockID,divID,x1,y1,x2,y2) VALUES ('S40','BINE4',105.5258324,-1.930327702,105.5258324,-1.930327702);
INSERT INTO fbblock (blockID,divID,x1,y1,x2,y2) VALUES ('S40','BINE4',105.5260462,-1.930907502,105.5260462,-1.930907502);
INSERT INTO fbblock (blockID,divID,x1,y1,x2,y2) VALUES ('S40','BINE4',105.5258867,-1.925820523,105.5258867,-1.925820523);
INSERT INTO fbblock (blockID,divID,x1,y1,x2,y2) VALUES ('S41','BINE4',105.5286271,-1.925850182,105.5286271,-1.925850182);
INSERT INTO fbblock (blockID,divID,x1,y1,x2,y2) VALUES ('S41','BINE4',105.5299708,-1.930367946,105.5299708,-1.930367946);
INSERT INTO fbblock (blockID,divID,x1,y1,x2,y2) VALUES ('S41','BINE4',105.5272028,-1.931951883,105.5272028,-1.931951883);
INSERT INTO fbblock (blockID,divID,x1,y1,x2,y2) VALUES ('S41','BINE4',105.528571,-1.93031863,105.528571,-1.93031863);
INSERT INTO fbblock (blockID,divID,x1,y1,x2,y2) VALUES ('S41','BINE4',105.5285239,-1.933066688,105.5285239,-1.933066688);
INSERT INTO fbblock (blockID,divID,x1,y1,x2,y2) VALUES ('S42','BINE4',105.5315183,-1.930448369,105.5315183,-1.930448369);
INSERT INTO fbblock (blockID,divID,x1,y1,x2,y2) VALUES ('S42','BINE4',105.5322241,-1.931001724,105.5322241,-1.931001724);
INSERT INTO fbblock (blockID,divID,x1,y1,x2,y2) VALUES ('S42','BINE4',105.5331221,-1.930400207,105.5331221,-1.930400207);
INSERT INTO fbblock (blockID,divID,x1,y1,x2,y2) VALUES ('S42','BINE4',105.5328678,-1.928041098,105.5328678,-1.928041098);
INSERT INTO fbblock (blockID,divID,x1,y1,x2,y2) VALUES ('S42','BINE4',105.5315986,-1.929817638,105.5315986,-1.929817638);
INSERT INTO fbblock (blockID,divID,x1,y1,x2,y2) VALUES ('S42','BINE4',105.5315677,-1.925893202,105.5315677,-1.925893202);
INSERT INTO fbblock (blockID,divID,x1,y1,x2,y2) VALUES ('T21','BINE3',105.4724666,-1.939218444,105.4724666,-1.939218444);
INSERT INTO fbblock (blockID,divID,x1,y1,x2,y2) VALUES ('T21','BINE3',105.4738373,-1.934649887,105.4738373,-1.934649887);
INSERT INTO fbblock (blockID,divID,x1,y1,x2,y2) VALUES ('T21','BINE3',105.4737872,-1.941432525,105.4737872,-1.941432525);
INSERT INTO fbblock (blockID,divID,x1,y1,x2,y2) VALUES ('T21','BINE3',105.4725084,-1.938488335,105.4725084,-1.938488335);
INSERT INTO fbblock (blockID,divID,x1,y1,x2,y2) VALUES ('T21','BINE3',105.4735424,-1.938906375,105.4735424,-1.938906375);
INSERT INTO fbblock (blockID,divID,x1,y1,x2,y2) VALUES ('T21','BINE3',105.4751965,-1.939253323,105.4751965,-1.939253323);
INSERT INTO fbblock (blockID,divID,x1,y1,x2,y2) VALUES ('T21','BINE3',105.4738348,-1.939213598,105.4738348,-1.939213598);
INSERT INTO fbblock (blockID,divID,x1,y1,x2,y2) VALUES ('T22','BINE3',105.4765835,-1.939404508,105.4765835,-1.939404508);
INSERT INTO fbblock (blockID,divID,x1,y1,x2,y2) VALUES ('T22','BINE3',105.4779746,-1.939207961,105.4779746,-1.939207961);
INSERT INTO fbblock (blockID,divID,x1,y1,x2,y2) VALUES ('T22','BINE3',105.4765813,-1.939258711,105.4765813,-1.939258711);
INSERT INTO fbblock (blockID,divID,x1,y1,x2,y2) VALUES ('T22','BINE3',105.4765589,-1.942575248,105.4765589,-1.942575248);
INSERT INTO fbblock (blockID,divID,x1,y1,x2,y2) VALUES ('T22','BINE3',105.4766438,-1.934794922,105.4766438,-1.934794922);
INSERT INTO fbblock (blockID,divID,x1,y1,x2,y2) VALUES ('T23','BINE3',105.4793739,-1.934646963,105.4793739,-1.934646963);
INSERT INTO fbblock (blockID,divID,x1,y1,x2,y2) VALUES ('T23','BINE3',105.4806731,-1.939130953,105.4806731,-1.939130953);
INSERT INTO fbblock (blockID,divID,x1,y1,x2,y2) VALUES ('T23','BINE3',105.4790861,-1.943348712,105.4790861,-1.943348712);
INSERT INTO fbblock (blockID,divID,x1,y1,x2,y2) VALUES ('T23','BINE3',105.4793222,-1.939189027,105.4793222,-1.939189027);
INSERT INTO fbblock (blockID,divID,x1,y1,x2,y2) VALUES ('T23','BINE3',105.4806345,-1.940414494,105.4806345,-1.940414494);
INSERT INTO fbblock (blockID,divID,x1,y1,x2,y2) VALUES ('T23','BINE3',105.4793176,-1.940114656,105.4793176,-1.940114656);
INSERT INTO fbblock (blockID,divID,x1,y1,x2,y2) VALUES ('T24','BINE3',105.4834731,-1.93922527,105.4834731,-1.93922527);
INSERT INTO fbblock (blockID,divID,x1,y1,x2,y2) VALUES ('T24','BINE3',105.4820726,-1.939246736,105.4820726,-1.939246736);
INSERT INTO fbblock (blockID,divID,x1,y1,x2,y2) VALUES ('T24','BINE3',105.4823708,-1.938187955,105.4823708,-1.938187955);
INSERT INTO fbblock (blockID,divID,x1,y1,x2,y2) VALUES ('T24','BINE3',105.4819545,-1.936360506,105.4819545,-1.936360506);
INSERT INTO fbblock (blockID,divID,x1,y1,x2,y2) VALUES ('T24','BINE3',105.4821216,-1.934659061,105.4821216,-1.934659061);
INSERT INTO fbblock (blockID,divID,x1,y1,x2,y2) VALUES ('T25','BINE3',105.4848407,-1.934669022,105.4848407,-1.934669022);
INSERT INTO fbblock (blockID,divID,x1,y1,x2,y2) VALUES ('T25','BINE3',105.4848788,-1.940145217,105.4848788,-1.940145217);
INSERT INTO fbblock (blockID,divID,x1,y1,x2,y2) VALUES ('T25','BINE3',105.4847946,-1.939211057,105.4847946,-1.939211057);
INSERT INTO fbblock (blockID,divID,x1,y1,x2,y2) VALUES ('T25','BINE3',105.4849966,-1.936007641,105.4849966,-1.936007641);
INSERT INTO fbblock (blockID,divID,x1,y1,x2,y2) VALUES ('T25','BINE3',105.4861203,-1.939238263,105.4861203,-1.939238263);
INSERT INTO fbblock (blockID,divID,x1,y1,x2,y2) VALUES ('T26','BINE3',105.486445,-1.939666928,105.486445,-1.939666928);
INSERT INTO fbblock (blockID,divID,x1,y1,x2,y2) VALUES ('T26','BINE3',105.4875142,-1.939233225,105.4875142,-1.939233225);
INSERT INTO fbblock (blockID,divID,x1,y1,x2,y2) VALUES ('T26','BINE3',105.4889037,-1.939228285,105.4889037,-1.939228285);
INSERT INTO fbblock (blockID,divID,x1,y1,x2,y2) VALUES ('T26','BINE3',105.4875603,-1.934668705,105.4875603,-1.934668705);
INSERT INTO fbblock (blockID,divID,x1,y1,x2,y2) VALUES ('T27','BINE3',105.4904051,-1.934672383,105.4904051,-1.934672383);
INSERT INTO fbblock (blockID,divID,x1,y1,x2,y2) VALUES ('T27','BINE3',105.4899995,-1.943731877,105.4899995,-1.943731877);
INSERT INTO fbblock (blockID,divID,x1,y1,x2,y2) VALUES ('T27','BINE3',105.4903572,-1.939218614,105.4903572,-1.939218614);
INSERT INTO fbblock (blockID,divID,x1,y1,x2,y2) VALUES ('T27','BINE3',105.4918117,-1.939222516,105.4918117,-1.939222516);
INSERT INTO fbblock (blockID,divID,x1,y1,x2,y2) VALUES ('T28','BINE3',105.4944031,-1.939227911,105.4944031,-1.939227911);
INSERT INTO fbblock (blockID,divID,x1,y1,x2,y2) VALUES ('T28','BINE3',105.4931051,-1.939226175,105.4931051,-1.939226175);
INSERT INTO fbblock (blockID,divID,x1,y1,x2,y2) VALUES ('T28','BINE3',105.493156,-1.934683245,105.493156,-1.934683245);
INSERT INTO fbblock (blockID,divID,x1,y1,x2,y2) VALUES ('T29','BINE3',105.4958387,-1.934695007,105.4958387,-1.934695007);
INSERT INTO fbblock (blockID,divID,x1,y1,x2,y2) VALUES ('T29','BINE3',105.497159,-1.939241662,105.497159,-1.939241662);
INSERT INTO fbblock (blockID,divID,x1,y1,x2,y2) VALUES ('T29','BINE3',105.4957832,-1.939223826,105.4957832,-1.939223826);
INSERT INTO fbblock (blockID,divID,x1,y1,x2,y2) VALUES ('T30','BINE3',105.4985624,-1.939254882,105.4985624,-1.939254882);
INSERT INTO fbblock (blockID,divID,x1,y1,x2,y2) VALUES ('T30','BINE3',105.4999675,-1.939226508,105.4999675,-1.939226508);
INSERT INTO fbblock (blockID,divID,x1,y1,x2,y2) VALUES ('T30','BINE3',105.4989116,-1.937720872,105.4989116,-1.937720872);
INSERT INTO fbblock (blockID,divID,x1,y1,x2,y2) VALUES ('T30','BINE3',105.4986127,-1.934694667,105.4986127,-1.934694667);
INSERT INTO fbblock (blockID,divID,x1,y1,x2,y2) VALUES ('T31','BINE3',105.5012911,-1.934693262,105.5012911,-1.934693262);
INSERT INTO fbblock (blockID,divID,x1,y1,x2,y2) VALUES ('T31','BINE3',105.5025268,-1.939236539,105.5025268,-1.939236539);
INSERT INTO fbblock (blockID,divID,x1,y1,x2,y2) VALUES ('T31','BINE3',105.5012471,-1.939220411,105.5012471,-1.939220411);
INSERT INTO fbblock (blockID,divID,x1,y1,x2,y2) VALUES ('T31','BINE3',105.50119,-1.938528931,105.50119,-1.938528931);
INSERT INTO fbblock (blockID,divID,x1,y1,x2,y2) VALUES ('T32','BINE4',105.5039019,-1.939255814,105.5039019,-1.939255814);
INSERT INTO fbblock (blockID,divID,x1,y1,x2,y2) VALUES ('T32','BINE4',105.5052754,-1.93924844,105.5052754,-1.93924844);
INSERT INTO fbblock (blockID,divID,x1,y1,x2,y2) VALUES ('T32','BINE4',105.5025869,-1.935375973,105.5025869,-1.935375973);
INSERT INTO fbblock (blockID,divID,x1,y1,x2,y2) VALUES ('T32','BINE4',105.5038618,-1.938324699,105.5038618,-1.938324699);
INSERT INTO fbblock (blockID,divID,x1,y1,x2,y2) VALUES ('T32','BINE4',105.5039674,-1.934711947,105.5039674,-1.934711947);
INSERT INTO fbblock (blockID,divID,x1,y1,x2,y2) VALUES ('T33','BINE4',105.5066601,-1.939208139,105.5066601,-1.939208139);
INSERT INTO fbblock (blockID,divID,x1,y1,x2,y2) VALUES ('T33','BINE4',105.5083706,-1.935346892,105.5083706,-1.935346892);
INSERT INTO fbblock (blockID,divID,x1,y1,x2,y2) VALUES ('T33','BINE4',105.5069005,-1.93473019,105.5069005,-1.93473019);
INSERT INTO fbblock (blockID,divID,x1,y1,x2,y2) VALUES ('T33','BINE4',105.5080234,-1.93855783,105.5080234,-1.93855783);
INSERT INTO fbblock (blockID,divID,x1,y1,x2,y2) VALUES ('T33','BINE4',105.5060355,-1.938627239,105.5060355,-1.938627239);
INSERT INTO fbblock (blockID,divID,x1,y1,x2,y2) VALUES ('T33','BINE4',105.506513,-1.937621759,105.506513,-1.937621759);
INSERT INTO fbblock (blockID,divID,x1,y1,x2,y2) VALUES ('T33','BINE4',105.5067988,-1.939869032,105.5067988,-1.939869032);
INSERT INTO fbblock (blockID,divID,x1,y1,x2,y2) VALUES ('T34','BINE4',105.5098575,-1.935880031,105.5098575,-1.935880031);
INSERT INTO fbblock (blockID,divID,x1,y1,x2,y2) VALUES ('T34','BINE4',105.5108683,-1.936973686,105.5108683,-1.936973686);
INSERT INTO fbblock (blockID,divID,x1,y1,x2,y2) VALUES ('T34','BINE4',105.509382,-1.940077317,105.509382,-1.940077317);
INSERT INTO fbblock (blockID,divID,x1,y1,x2,y2) VALUES ('T34','BINE4',105.5096265,-1.934739584,105.5096265,-1.934739584);
INSERT INTO fbblock (blockID,divID,x1,y1,x2,y2) VALUES ('T35','BINE4',105.5121325,-1.934749444,105.5121325,-1.934749444);
INSERT INTO fbblock (blockID,divID,x1,y1,x2,y2) VALUES ('T35','BINE4',105.5121148,-1.939225294,105.5121148,-1.939225294);
INSERT INTO fbblock (blockID,divID,x1,y1,x2,y2) VALUES ('T35','BINE4',105.5134711,-1.939260028,105.5134711,-1.939260028);
INSERT INTO fbblock (blockID,divID,x1,y1,x2,y2) VALUES ('T35','BINE4',105.51217,-1.941307765,105.51217,-1.941307765);
INSERT INTO fbblock (blockID,divID,x1,y1,x2,y2) VALUES ('T35','BINE4',105.5121028,-1.936836898,105.5121028,-1.936836898);
INSERT INTO fbblock (blockID,divID,x1,y1,x2,y2) VALUES ('T36','BINE4',105.5161348,-1.939249758,105.5161348,-1.939249758);
INSERT INTO fbblock (blockID,divID,x1,y1,x2,y2) VALUES ('T36','BINE4',105.5148018,-1.939218233,105.5148018,-1.939218233);
INSERT INTO fbblock (blockID,divID,x1,y1,x2,y2) VALUES ('T36','BINE4',105.5148284,-1.934761804,105.5148284,-1.934761804);
INSERT INTO fbblock (blockID,divID,x1,y1,x2,y2) VALUES ('T37','BINE4',105.5176278,-1.934778032,105.5176278,-1.934778032);
INSERT INTO fbblock (blockID,divID,x1,y1,x2,y2) VALUES ('T37','BINE4',105.5173148,-1.934825613,105.5173148,-1.934825613);
INSERT INTO fbblock (blockID,divID,x1,y1,x2,y2) VALUES ('T37','BINE4',105.5174205,-1.93886718,105.5174205,-1.93886718);
INSERT INTO fbblock (blockID,divID,x1,y1,x2,y2) VALUES ('T37','BINE4',105.5181153,-1.935353454,105.5181153,-1.935353454);
INSERT INTO fbblock (blockID,divID,x1,y1,x2,y2) VALUES ('T37','BINE4',105.5186382,-1.939254113,105.5186382,-1.939254113);
INSERT INTO fbblock (blockID,divID,x1,y1,x2,y2) VALUES ('T38','BINE4',105.5202437,-1.939319632,105.5202437,-1.939319632);
INSERT INTO fbblock (blockID,divID,x1,y1,x2,y2) VALUES ('T38','BINE4',105.5203899,-1.939692435,105.5203899,-1.939692435);
INSERT INTO fbblock (blockID,divID,x1,y1,x2,y2) VALUES ('T38','BINE4',105.5210061,-1.940060489,105.5210061,-1.940060489);
INSERT INTO fbblock (blockID,divID,x1,y1,x2,y2) VALUES ('T38','BINE4',105.5189923,-1.941798097,105.5189923,-1.941798097);
INSERT INTO fbblock (blockID,divID,x1,y1,x2,y2) VALUES ('T38','BINE4',105.5204006,-1.934797742,105.5204006,-1.934797742);
INSERT INTO fbblock (blockID,divID,x1,y1,x2,y2) VALUES ('T39','BINE4',105.5231236,-1.934814881,105.5231236,-1.934814881);
INSERT INTO fbblock (blockID,divID,x1,y1,x2,y2) VALUES ('T39','BINE4',105.5230681,-1.939256232,105.5230681,-1.939256232);
INSERT INTO fbblock (blockID,divID,x1,y1,x2,y2) VALUES ('T39','BINE4',105.5244546,-1.939251418,105.5244546,-1.939251418);
INSERT INTO fbblock (blockID,divID,x1,y1,x2,y2) VALUES ('T40','BINE4',105.5257949,-1.939248683,105.5257949,-1.939248683);
INSERT INTO fbblock (blockID,divID,x1,y1,x2,y2) VALUES ('T40','BINE4',105.527137,-1.939243887,105.527137,-1.939243887);
INSERT INTO fbblock (blockID,divID,x1,y1,x2,y2) VALUES ('T40','BINE4',105.5258446,-1.934827215,105.5258446,-1.934827215);
INSERT INTO fbblock (blockID,divID,x1,y1,x2,y2) VALUES ('T41','BINE4',105.528574,-1.934850496,105.528574,-1.934850496);
INSERT INTO fbblock (blockID,divID,x1,y1,x2,y2) VALUES ('T41','BINE4',105.5285131,-1.939234106,105.5285131,-1.939234106);
INSERT INTO fbblock (blockID,divID,x1,y1,x2,y2) VALUES ('T41','BINE4',105.5298921,-1.939249649,105.5298921,-1.939249649);
INSERT INTO fbblock (blockID,divID,x1,y1,x2,y2) VALUES ('T42','BINE4',105.5332292,-1.939239991,105.5332292,-1.939239991);
INSERT INTO fbblock (blockID,divID,x1,y1,x2,y2) VALUES ('T42','BINE4',105.5315592,-1.939283207,105.5315592,-1.939283207);
INSERT INTO fbblock (blockID,divID,x1,y1,x2,y2) VALUES ('T42','BINE4',105.531588,-1.934875917,105.531588,-1.934875917);
INSERT INTO fbblock (blockID,divID,x1,y1,x2,y2) VALUES ('U20','BINE5',105.4710942,-1.943786657,105.4710942,-1.943786657);
INSERT INTO fbblock (blockID,divID,x1,y1,x2,y2) VALUES ('U20','BINE5',105.4697189,-1.94844319,105.4697189,-1.94844319);
INSERT INTO fbblock (blockID,divID,x1,y1,x2,y2) VALUES ('U20','BINE5',105.4710897,-1.948441221,105.4710897,-1.948441221);
INSERT INTO fbblock (blockID,divID,x1,y1,x2,y2) VALUES ('U20','BINE5',105.4724622,-1.948429317,105.4724622,-1.948429317);
INSERT INTO fbblock (blockID,divID,x1,y1,x2,y2) VALUES ('U21','BINE5',105.4752039,-1.948355557,105.4752039,-1.948355557);
INSERT INTO fbblock (blockID,divID,x1,y1,x2,y2) VALUES ('U21','BINE5',105.4738316,-1.948420091,105.4738316,-1.948420091);
INSERT INTO fbblock (blockID,divID,x1,y1,x2,y2) VALUES ('U21','BINE5',105.4738616,-1.94378798,105.4738616,-1.94378798);
INSERT INTO fbblock (blockID,divID,x1,y1,x2,y2) VALUES ('U22','BINE5',105.4766149,-1.943780178,105.4766149,-1.943780178);
INSERT INTO fbblock (blockID,divID,x1,y1,x2,y2) VALUES ('U22','BINE5',105.4765836,-1.948389694,105.4765836,-1.948389694);
INSERT INTO fbblock (blockID,divID,x1,y1,x2,y2) VALUES ('U22','BINE5',105.4779639,-1.948377511,105.4779639,-1.948377511);
INSERT INTO fbblock (blockID,divID,x1,y1,x2,y2) VALUES ('U23','BINE5',105.4805559,-1.943862831,105.4805559,-1.943862831);
INSERT INTO fbblock (blockID,divID,x1,y1,x2,y2) VALUES ('U23','BINE5',105.4806153,-1.949132583,105.4806153,-1.949132583);
INSERT INTO fbblock (blockID,divID,x1,y1,x2,y2) VALUES ('U23','BINE5',105.4807882,-1.948166796,105.4807882,-1.948166796);
INSERT INTO fbblock (blockID,divID,x1,y1,x2,y2) VALUES ('U23','BINE5',105.4793733,-1.948265746,105.4793733,-1.948265746);
INSERT INTO fbblock (blockID,divID,x1,y1,x2,y2) VALUES ('U23','BINE5',105.4804837,-1.943894732,105.4804837,-1.943894732);
INSERT INTO fbblock (blockID,divID,x1,y1,x2,y2) VALUES ('U23','BINE5',105.4793457,-1.943783437,105.4793457,-1.943783437);
INSERT INTO fbblock (blockID,divID,x1,y1,x2,y2) VALUES ('U24','BINE5',105.4820965,-1.943789005,105.4820965,-1.943789005);
INSERT INTO fbblock (blockID,divID,x1,y1,x2,y2) VALUES ('U24','BINE5',105.4821014,-1.944805057,105.4821014,-1.944805057);
INSERT INTO fbblock (blockID,divID,x1,y1,x2,y2) VALUES ('U24','BINE5',105.4834657,-1.948347204,105.4834657,-1.948347204);
INSERT INTO fbblock (blockID,divID,x1,y1,x2,y2) VALUES ('U24','BINE5',105.4820582,-1.949364887,105.4820582,-1.949364887);
INSERT INTO fbblock (blockID,divID,x1,y1,x2,y2) VALUES ('U24','BINE5',105.4821111,-1.948504948,105.4821111,-1.948504948);
INSERT INTO fbblock (blockID,divID,x1,y1,x2,y2) VALUES ('U24','BINE5',105.4806962,-1.949135118,105.4806962,-1.949135118);
INSERT INTO fbblock (blockID,divID,x1,y1,x2,y2) VALUES ('U25','BINE5',105.4847861,-1.948349604,105.4847861,-1.948349604);
INSERT INTO fbblock (blockID,divID,x1,y1,x2,y2) VALUES ('U25','BINE5',105.4849849,-1.949087322,105.4849849,-1.949087322);
INSERT INTO fbblock (blockID,divID,x1,y1,x2,y2) VALUES ('U25','BINE5',105.4861096,-1.94833941,105.4861096,-1.94833941);
INSERT INTO fbblock (blockID,divID,x1,y1,x2,y2) VALUES ('U25','BINE5',105.4847001,-1.947255777,105.4847001,-1.947255777);
INSERT INTO fbblock (blockID,divID,x1,y1,x2,y2) VALUES ('U25','BINE5',105.4848158,-1.943794855,105.4848158,-1.943794855);
INSERT INTO fbblock (blockID,divID,x1,y1,x2,y2) VALUES ('U26','BINE5',105.4875268,-1.943797642,105.4875268,-1.943797642);
INSERT INTO fbblock (blockID,divID,x1,y1,x2,y2) VALUES ('U26','BINE5',105.4875258,-1.948795739,105.4875258,-1.948795739);
INSERT INTO fbblock (blockID,divID,x1,y1,x2,y2) VALUES ('U26','BINE5',105.4862866,-1.948657696,105.4862866,-1.948657696);
INSERT INTO fbblock (blockID,divID,x1,y1,x2,y2) VALUES ('U26','BINE5',105.4871584,-1.946089264,105.4871584,-1.946089264);
INSERT INTO fbblock (blockID,divID,x1,y1,x2,y2) VALUES ('U26','BINE5',105.4888803,-1.94628481,105.4888803,-1.94628481);
INSERT INTO fbblock (blockID,divID,x1,y1,x2,y2) VALUES ('U26','BINE5',105.488055,-1.946144349,105.488055,-1.946144349);
INSERT INTO fbblock (blockID,divID,x1,y1,x2,y2) VALUES ('U26','BINE5',105.4875572,-1.946253017,105.4875572,-1.946253017);
INSERT INTO fbblock (blockID,divID,x1,y1,x2,y2) VALUES ('U27','BINE5',105.4893678,-1.94620039,105.4893678,-1.94620039);
INSERT INTO fbblock (blockID,divID,x1,y1,x2,y2) VALUES ('U27','BINE5',105.4903427,-1.946270567,105.4903427,-1.946270567);
INSERT INTO fbblock (blockID,divID,x1,y1,x2,y2) VALUES ('U27','BINE5',105.4917842,-1.946252475,105.4917842,-1.946252475);
INSERT INTO fbblock (blockID,divID,x1,y1,x2,y2) VALUES ('U27','BINE5',105.4903748,-1.94377824,105.4903748,-1.94377824);
INSERT INTO fbblock (blockID,divID,x1,y1,x2,y2) VALUES ('U27','BINE5',105.4903544,-1.948760146,105.4903544,-1.948760146);
INSERT INTO fbblock (blockID,divID,x1,y1,x2,y2) VALUES ('U28','BINE5',105.4931123,-1.948728008,105.4931123,-1.948728008);
INSERT INTO fbblock (blockID,divID,x1,y1,x2,y2) VALUES ('U28','BINE5',105.4931261,-1.943767242,105.4931261,-1.943767242);
INSERT INTO fbblock (blockID,divID,x1,y1,x2,y2) VALUES ('U28','BINE5',105.4943785,-1.946194191,105.4943785,-1.946194191);
INSERT INTO fbblock (blockID,divID,x1,y1,x2,y2) VALUES ('U28','BINE5',105.4930793,-1.946249868,105.4930793,-1.946249868);
INSERT INTO fbblock (blockID,divID,x1,y1,x2,y2) VALUES ('U29','BINE5',105.4971118,-1.946218417,105.4971118,-1.946218417);
INSERT INTO fbblock (blockID,divID,x1,y1,x2,y2) VALUES ('U29','BINE5',105.4957431,-1.946221444,105.4957431,-1.946221444);
INSERT INTO fbblock (blockID,divID,x1,y1,x2,y2) VALUES ('U29','BINE5',105.4957907,-1.943774995,105.4957907,-1.943774995);
INSERT INTO fbblock (blockID,divID,x1,y1,x2,y2) VALUES ('U29','BINE5',105.495775,-1.948673007,105.495775,-1.948673007);
INSERT INTO fbblock (blockID,divID,x1,y1,x2,y2) VALUES ('U30','BINE5',105.4985768,-1.943773185,105.4985768,-1.943773185);
INSERT INTO fbblock (blockID,divID,x1,y1,x2,y2) VALUES ('U30','BINE5',105.4985619,-1.948614454,105.4985619,-1.948614454);
INSERT INTO fbblock (blockID,divID,x1,y1,x2,y2) VALUES ('U30','BINE5',105.4985358,-1.946197501,105.4985358,-1.946197501);
INSERT INTO fbblock (blockID,divID,x1,y1,x2,y2) VALUES ('U30','BINE5',105.4999642,-1.946181166,105.4999642,-1.946181166);
INSERT INTO fbblock (blockID,divID,x1,y1,x2,y2) VALUES ('U31','BINE5',105.5024961,-1.946243137,105.5024961,-1.946243137);
INSERT INTO fbblock (blockID,divID,x1,y1,x2,y2) VALUES ('U31','BINE5',105.5012313,-1.946186974,105.5012313,-1.946186974);
INSERT INTO fbblock (blockID,divID,x1,y1,x2,y2) VALUES ('U31','BINE5',105.5012259,-1.948608149,105.5012259,-1.948608149);
INSERT INTO fbblock (blockID,divID,x1,y1,x2,y2) VALUES ('U31','BINE5',105.5012661,-1.943769896,105.5012661,-1.943769896);
INSERT INTO fbblock (blockID,divID,x1,y1,x2,y2) VALUES ('U32','BINE5',105.5039158,-1.943773638,105.5039158,-1.943773638);
INSERT INTO fbblock (blockID,divID,x1,y1,x2,y2) VALUES ('U32','BINE5',105.5043842,-1.949111983,105.5043842,-1.949111983);
INSERT INTO fbblock (blockID,divID,x1,y1,x2,y2) VALUES ('U32','BINE5',105.5038752,-1.948353368,105.5038752,-1.948353368);
INSERT INTO fbblock (blockID,divID,x1,y1,x2,y2) VALUES ('U32','BINE5',105.5052284,-1.949977537,105.5052284,-1.949977537);
INSERT INTO fbblock (blockID,divID,x1,y1,x2,y2) VALUES ('U33','BINE5',105.5080249,-1.950617083,105.5080249,-1.950617083);
INSERT INTO fbblock (blockID,divID,x1,y1,x2,y2) VALUES ('U33','BINE5',105.5060274,-1.949475208,105.5060274,-1.949475208);
INSERT INTO fbblock (blockID,divID,x1,y1,x2,y2) VALUES ('U33','BINE5',105.5066498,-1.95062092,105.5066498,-1.95062092);
INSERT INTO fbblock (blockID,divID,x1,y1,x2,y2) VALUES ('U33','BINE5',105.506675,-1.948296585,105.506675,-1.948296585);
INSERT INTO fbblock (blockID,divID,x1,y1,x2,y2) VALUES ('U34','BINE5',105.5094332,-1.948294296,105.5094332,-1.948294296);
INSERT INTO fbblock (blockID,divID,x1,y1,x2,y2) VALUES ('U34','BINE5',105.5095573,-1.950141645,105.5095573,-1.950141645);
INSERT INTO fbblock (blockID,divID,x1,y1,x2,y2) VALUES ('U34','BINE5',105.5094037,-1.950624145,105.5094037,-1.950624145);
INSERT INTO fbblock (blockID,divID,x1,y1,x2,y2) VALUES ('U34','BINE5',105.5107818,-1.950633123,105.5107818,-1.950633123);
INSERT INTO fbblock (blockID,divID,x1,y1,x2,y2) VALUES ('U35','BINE5',105.5121448,-1.95063562,105.5121448,-1.95063562);
INSERT INTO fbblock (blockID,divID,x1,y1,x2,y2) VALUES ('U35','BINE5',105.5135108,-1.948329556,105.5135108,-1.948329556);
INSERT INTO fbblock (blockID,divID,x1,y1,x2,y2) VALUES ('U35','BINE5',105.5134752,-1.951336259,105.5134752,-1.951336259);
INSERT INTO fbblock (blockID,divID,x1,y1,x2,y2) VALUES ('U35','BINE5',105.5121483,-1.948293588,105.5121483,-1.948293588);
INSERT INTO fbblock (blockID,divID,x1,y1,x2,y2) VALUES ('U36','BINE5',105.5148362,-1.943758642,105.5148362,-1.943758642);
INSERT INTO fbblock (blockID,divID,x1,y1,x2,y2) VALUES ('U36','BINE5',105.5147947,-1.948910181,105.5147947,-1.948910181);
INSERT INTO fbblock (blockID,divID,x1,y1,x2,y2) VALUES ('U36','BINE5',105.5151124,-1.948472114,105.5151124,-1.948472114);
INSERT INTO fbblock (blockID,divID,x1,y1,x2,y2) VALUES ('U36','BINE5',105.5160705,-1.948366236,105.5160705,-1.948366236);
INSERT INTO fbblock (blockID,divID,x1,y1,x2,y2) VALUES ('U36','BINE5',105.5147891,-1.948344968,105.5147891,-1.948344968);
INSERT INTO fbblock (blockID,divID,x1,y1,x2,y2) VALUES ('U37','BINE5',105.5189709,-1.948372163,105.5189709,-1.948372163);
INSERT INTO fbblock (blockID,divID,x1,y1,x2,y2) VALUES ('U37','BINE5',105.5175211,-1.948353137,105.5175211,-1.948353137);
INSERT INTO fbblock (blockID,divID,x1,y1,x2,y2) VALUES ('U37','BINE5',105.5176116,-1.949471399,105.5176116,-1.949471399);
INSERT INTO fbblock (blockID,divID,x1,y1,x2,y2) VALUES ('U37','BINE5',105.5170662,-1.952318347,105.5170662,-1.952318347);
INSERT INTO fbblock (blockID,divID,x1,y1,x2,y2) VALUES ('U37','BINE5',105.5175803,-1.943730629,105.5175803,-1.943730629);
INSERT INTO fbblock (blockID,divID,x1,y1,x2,y2) VALUES ('U38','BINE5',105.5203167,-1.952992695,105.5203167,-1.952992695);
INSERT INTO fbblock (blockID,divID,x1,y1,x2,y2) VALUES ('U38','BINE5',105.5203559,-1.943711302,105.5203559,-1.943711302);
INSERT INTO fbblock (blockID,divID,x1,y1,x2,y2) VALUES ('U38','BINE5',105.5205488,-1.948478783,105.5205488,-1.948478783);
INSERT INTO fbblock (blockID,divID,x1,y1,x2,y2) VALUES ('U38','BINE5',105.5216389,-1.948332811,105.5216389,-1.948332811);
INSERT INTO fbblock (blockID,divID,x1,y1,x2,y2) VALUES ('U38','BINE5',105.5201282,-1.949272115,105.5201282,-1.949272115);
INSERT INTO fbblock (blockID,divID,x1,y1,x2,y2) VALUES ('U38','BINE5',105.520303,-1.948342164,105.520303,-1.948342164);
INSERT INTO fbblock (blockID,divID,x1,y1,x2,y2) VALUES ('U39','BINE4',105.5229794,-1.945796262,105.5229794,-1.945796262);
INSERT INTO fbblock (blockID,divID,x1,y1,x2,y2) VALUES ('U39','BINE4',105.523077,-1.943686856,105.523077,-1.943686856);
INSERT INTO fbblock (blockID,divID,x1,y1,x2,y2) VALUES ('U39','BINE4',105.5244205,-1.945459011,105.5244205,-1.945459011);
INSERT INTO fbblock (blockID,divID,x1,y1,x2,y2) VALUES ('U40','BINE4',105.5259009,-1.948148427,105.5259009,-1.948148427);
INSERT INTO fbblock (blockID,divID,x1,y1,x2,y2) VALUES ('U40','BINE4',105.5244567,-1.947701161,105.5244567,-1.947701161);
INSERT INTO fbblock (blockID,divID,x1,y1,x2,y2) VALUES ('U40','BINE4',105.525808,-1.943669692,105.525808,-1.943669692);
INSERT INTO fbblock (blockID,divID,x1,y1,x2,y2) VALUES ('U40','BINE4',105.527116,-1.945899414,105.527116,-1.945899414);
INSERT INTO fbblock (blockID,divID,x1,y1,x2,y2) VALUES ('U40','BINE4',105.5257712,-1.945905797,105.5257712,-1.945905797);
INSERT INTO fbblock (blockID,divID,x1,y1,x2,y2) VALUES ('U41','BINE4',105.5298447,-1.945897147,105.5298447,-1.945897147);
INSERT INTO fbblock (blockID,divID,x1,y1,x2,y2) VALUES ('U41','BINE4',105.5284826,-1.945897483,105.5284826,-1.945897483);
INSERT INTO fbblock (blockID,divID,x1,y1,x2,y2) VALUES ('U41','BINE4',105.5285181,-1.94364315,105.5285181,-1.94364315);
INSERT INTO fbblock (blockID,divID,x1,y1,x2,y2) VALUES ('U41','BINE4',105.5285057,-1.948153328,105.5285057,-1.948153328);
INSERT INTO fbblock (blockID,divID,x1,y1,x2,y2) VALUES ('U42','BINE4',105.533302,-1.945879028,105.533302,-1.945879028);
INSERT INTO fbblock (blockID,divID,x1,y1,x2,y2) VALUES ('U42','BINE4',105.5315965,-1.943613559,105.5315965,-1.943613559);
INSERT INTO fbblock (blockID,divID,x1,y1,x2,y2) VALUES ('U42','BINE4',105.5316133,-1.948162242,105.5316133,-1.948162242);
INSERT INTO fbblock (blockID,divID,x1,y1,x2,y2) VALUES ('U42','BINE4',105.5315755,-1.945894977,105.5315755,-1.945894977);
INSERT INTO fbblock (blockID,divID,x1,y1,x2,y2) VALUES ('V20','BINE5',105.471097,-1.957669606,105.471097,-1.957669606);
INSERT INTO fbblock (blockID,divID,x1,y1,x2,y2) VALUES ('V20','BINE5',105.4724624,-1.957654231,105.4724624,-1.957654231);
INSERT INTO fbblock (blockID,divID,x1,y1,x2,y2) VALUES ('V20','BINE5',105.4711163,-1.956359684,105.4711163,-1.956359684);
INSERT INTO fbblock (blockID,divID,x1,y1,x2,y2) VALUES ('V20','BINE5',105.4710952,-1.953085415,105.4710952,-1.953085415);
INSERT INTO fbblock (blockID,divID,x1,y1,x2,y2) VALUES ('V20','BINE5',105.4697319,-1.957686993,105.4697319,-1.957686993);
INSERT INTO fbblock (blockID,divID,x1,y1,x2,y2) VALUES ('V21','BINE5',105.4738696,-1.953048667,105.4738696,-1.953048667);
INSERT INTO fbblock (blockID,divID,x1,y1,x2,y2) VALUES ('V21','BINE5',105.475168,-1.958319418,105.475168,-1.958319418);
INSERT INTO fbblock (blockID,divID,x1,y1,x2,y2) VALUES ('V21','BINE5',105.4738342,-1.957636756,105.4738342,-1.957636756);
INSERT INTO fbblock (blockID,divID,x1,y1,x2,y2) VALUES ('V21','BINE5',105.4738699,-1.957399494,105.4738699,-1.957399494);
INSERT INTO fbblock (blockID,divID,x1,y1,x2,y2) VALUES ('V21','BINE5',105.4752086,-1.957614855,105.4752086,-1.957614855);
INSERT INTO fbblock (blockID,divID,x1,y1,x2,y2) VALUES ('V22','BINE5',105.4765892,-1.957592064,105.4765892,-1.957592064);
INSERT INTO fbblock (blockID,divID,x1,y1,x2,y2) VALUES ('V22','BINE5',105.4752489,-1.958324282,105.4752489,-1.958324282);
INSERT INTO fbblock (blockID,divID,x1,y1,x2,y2) VALUES ('V22','BINE5',105.4779681,-1.957566129,105.4779681,-1.957566129);
INSERT INTO fbblock (blockID,divID,x1,y1,x2,y2) VALUES ('V22','BINE5',105.4766491,-1.957831024,105.4766491,-1.957831024);
INSERT INTO fbblock (blockID,divID,x1,y1,x2,y2) VALUES ('V22','BINE5',105.4766181,-1.953004322,105.4766181,-1.953004322);
INSERT INTO fbblock (blockID,divID,x1,y1,x2,y2) VALUES ('V23','BINE5',105.4793417,-1.952965614,105.4793417,-1.952965614);
INSERT INTO fbblock (blockID,divID,x1,y1,x2,y2) VALUES ('V23','BINE5',105.4806538,-1.957530969,105.4806538,-1.957530969);
INSERT INTO fbblock (blockID,divID,x1,y1,x2,y2) VALUES ('V23','BINE5',105.479312,-1.957546735,105.479312,-1.957546735);
INSERT INTO fbblock (blockID,divID,x1,y1,x2,y2) VALUES ('V23','BINE5',105.4780079,-1.956909718,105.4780079,-1.956909718);
INSERT INTO fbblock (blockID,divID,x1,y1,x2,y2) VALUES ('V23','BINE5',105.4792926,-1.95703987,105.4792926,-1.95703987);
INSERT INTO fbblock (blockID,divID,x1,y1,x2,y2) VALUES ('V24','BINE5',105.4834167,-1.957856861,105.4834167,-1.957856861);
INSERT INTO fbblock (blockID,divID,x1,y1,x2,y2) VALUES ('V24','BINE5',105.4820541,-1.957508085,105.4820541,-1.957508085);
INSERT INTO fbblock (blockID,divID,x1,y1,x2,y2) VALUES ('V24','BINE5',105.4834578,-1.957490391,105.4834578,-1.957490391);
INSERT INTO fbblock (blockID,divID,x1,y1,x2,y2) VALUES ('V24','BINE5',105.4821007,-1.957435487,105.4821007,-1.957435487);
INSERT INTO fbblock (blockID,divID,x1,y1,x2,y2) VALUES ('V24','BINE5',105.4820928,-1.952929368,105.4820928,-1.952929368);
INSERT INTO fbblock (blockID,divID,x1,y1,x2,y2) VALUES ('V25','BINE5',105.4848164,-1.952891599,105.4848164,-1.952891599);
INSERT INTO fbblock (blockID,divID,x1,y1,x2,y2) VALUES ('V25','BINE5',105.4847799,-1.958167519,105.4847799,-1.958167519);
INSERT INTO fbblock (blockID,divID,x1,y1,x2,y2) VALUES ('V25','BINE5',105.484779,-1.957472801,105.484779,-1.957472801);
INSERT INTO fbblock (blockID,divID,x1,y1,x2,y2) VALUES ('V25','BINE5',105.4847233,-1.958180018,105.4847233,-1.958180018);
INSERT INTO fbblock (blockID,divID,x1,y1,x2,y2) VALUES ('V25','BINE5',105.4860997,-1.957458833,105.4860997,-1.957458833);
INSERT INTO fbblock (blockID,divID,x1,y1,x2,y2) VALUES ('V26','BINE5',105.4866325,-1.946867268,105.4866325,-1.946867268);
INSERT INTO fbblock (blockID,divID,x1,y1,x2,y2) VALUES ('V32','BINE5',105.5052599,-1.95746664,105.5052599,-1.95746664);
INSERT INTO fbblock (blockID,divID,x1,y1,x2,y2) VALUES ('V32','BINE5',105.5038433,-1.957471548,105.5038433,-1.957471548);
INSERT INTO fbblock (blockID,divID,x1,y1,x2,y2) VALUES ('V32','BINE5',105.5038275,-1.962005541,105.5038275,-1.962005541);
INSERT INTO fbblock (blockID,divID,x1,y1,x2,y2) VALUES ('V32','BINE5',105.5038599,-1.952911165,105.5038599,-1.952911165);
INSERT INTO fbblock (blockID,divID,x1,y1,x2,y2) VALUES ('V32','BINE5',105.5024269,-1.957451091,105.5024269,-1.957451091);
INSERT INTO fbblock (blockID,divID,x1,y1,x2,y2) VALUES ('V33','BINE5',105.5066807,-1.952930351,105.5066807,-1.952930351);
INSERT INTO fbblock (blockID,divID,x1,y1,x2,y2) VALUES ('V33','BINE5',105.5066812,-1.962013912,105.5066812,-1.962013912);
INSERT INTO fbblock (blockID,divID,x1,y1,x2,y2) VALUES ('V33','BINE5',105.5080391,-1.957477482,105.5080391,-1.957477482);
INSERT INTO fbblock (blockID,divID,x1,y1,x2,y2) VALUES ('V33','BINE5',105.5066483,-1.95747959,105.5066483,-1.95747959);
INSERT INTO fbblock (blockID,divID,x1,y1,x2,y2) VALUES ('V33','BINE5',105.5077568,-1.953124005,105.5077568,-1.953124005);
INSERT INTO fbblock (blockID,divID,x1,y1,x2,y2) VALUES ('V33','BINE5',105.5066676,-1.94599844,105.5066676,-1.94599844);
INSERT INTO fbblock (blockID,divID,x1,y1,x2,y2) VALUES ('V34','BINE5',105.5094107,-1.957507936,105.5094107,-1.957507936);
INSERT INTO fbblock (blockID,divID,x1,y1,x2,y2) VALUES ('V34','BINE5',105.5086012,-1.953145191,105.5086012,-1.953145191);
INSERT INTO fbblock (blockID,divID,x1,y1,x2,y2) VALUES ('V34','BINE5',105.5094245,-1.945999385,105.5094245,-1.945999385);
INSERT INTO fbblock (blockID,divID,x1,y1,x2,y2) VALUES ('V34','BINE5',105.5096614,-1.953008572,105.5096614,-1.953008572);
INSERT INTO fbblock (blockID,divID,x1,y1,x2,y2) VALUES ('V34','BINE5',105.5107806,-1.957512755,105.5107806,-1.957512755);
INSERT INTO fbblock (blockID,divID,x1,y1,x2,y2) VALUES ('V34','BINE5',105.5094462,-1.962034788,105.5094462,-1.962034788);
INSERT INTO fbblock (blockID,divID,x1,y1,x2,y2) VALUES ('V34','BINE5',105.5094364,-1.952956285,105.5094364,-1.952956285);
INSERT INTO fbblock (blockID,divID,x1,y1,x2,y2) VALUES ('V35','BINE5',105.5121792,-1.952975105,105.5121792,-1.952975105);
INSERT INTO fbblock (blockID,divID,x1,y1,x2,y2) VALUES ('V35','BINE5',105.512195,-1.962058647,105.512195,-1.962058647);
INSERT INTO fbblock (blockID,divID,x1,y1,x2,y2) VALUES ('V35','BINE5',105.5121436,-1.946002491,105.5121436,-1.946002491);
INSERT INTO fbblock (blockID,divID,x1,y1,x2,y2) VALUES ('V35','BINE5',105.5121556,-1.957520214,105.5121556,-1.957520214);
INSERT INTO fbblock (blockID,divID,x1,y1,x2,y2) VALUES ('V35','BINE5',105.5135305,-1.957520766,105.5135305,-1.957520766);
INSERT INTO fbblock (blockID,divID,x1,y1,x2,y2) VALUES ('V36','BINE5',105.5159607,-1.957609094,105.5159607,-1.957609094);
INSERT INTO fbblock (blockID,divID,x1,y1,x2,y2) VALUES ('V36','BINE5',105.5147514,-1.957464416,105.5147514,-1.957464416);
INSERT INTO fbblock (blockID,divID,x1,y1,x2,y2) VALUES ('V36','BINE5',105.5147981,-1.962077426,105.5147981,-1.962077426);
INSERT INTO fbblock (blockID,divID,x1,y1,x2,y2) VALUES ('V36','BINE5',105.5148099,-1.952989983,105.5148099,-1.952989983);
INSERT INTO fbblock (blockID,divID,x1,y1,x2,y2) VALUES ('V37','BINE5',105.5174884,-1.962100833,105.5174884,-1.962100833);
INSERT INTO fbblock (blockID,divID,x1,y1,x2,y2) VALUES ('V37','BINE5',105.5175241,-1.953007878,105.5175241,-1.953007878);
INSERT INTO fbblock (blockID,divID,x1,y1,x2,y2) VALUES ('V37','BINE5',105.5189349,-1.957554923,105.5189349,-1.957554923);
INSERT INTO fbblock (blockID,divID,x1,y1,x2,y2) VALUES ('V37','BINE5',105.5161199,-1.959842596,105.5161199,-1.959842596);
INSERT INTO fbblock (blockID,divID,x1,y1,x2,y2) VALUES ('V37','BINE5',105.5182512,-1.954219912,105.5182512,-1.954219912);
INSERT INTO fbblock (blockID,divID,x1,y1,x2,y2) VALUES ('V37','BINE5',105.5174802,-1.957544762,105.5174802,-1.957544762);
INSERT INTO fbblock (blockID,divID,x1,y1,x2,y2) VALUES ('V37','BINE5',105.5187021,-1.956008128,105.5187021,-1.956008128);
INSERT INTO fbblock (blockID,divID,x1,y1,x2,y2) VALUES ('W20','BINE5',105.4697538,-1.966729802,105.4697538,-1.966729802);
INSERT INTO fbblock (blockID,divID,x1,y1,x2,y2) VALUES ('W20','BINE5',105.4697847,-1.963548172,105.4697847,-1.963548172);
INSERT INTO fbblock (blockID,divID,x1,y1,x2,y2) VALUES ('W20','BINE5',105.4711028,-1.966704661,105.4711028,-1.966704661);
INSERT INTO fbblock (blockID,divID,x1,y1,x2,y2) VALUES ('W20','BINE5',105.4724507,-1.966699778,105.4724507,-1.966699778);
INSERT INTO fbblock (blockID,divID,x1,y1,x2,y2) VALUES ('W20','BINE5',105.4710998,-1.96225614,105.4710998,-1.96225614);
INSERT INTO fbblock (blockID,divID,x1,y1,x2,y2) VALUES ('W21','BINE5',105.4738643,-1.962219578,105.4738643,-1.962219578);
INSERT INTO fbblock (blockID,divID,x1,y1,x2,y2) VALUES ('W21','BINE5',105.4738422,-1.966309779,105.4738422,-1.966309779);
INSERT INTO fbblock (blockID,divID,x1,y1,x2,y2) VALUES ('W21','BINE5',105.4738282,-1.966696944,105.4738282,-1.966696944);
INSERT INTO fbblock (blockID,divID,x1,y1,x2,y2) VALUES ('W21','BINE5',105.4752088,-1.966683192,105.4752088,-1.966683192);
INSERT INTO fbblock (blockID,divID,x1,y1,x2,y2) VALUES ('W21','BINE5',105.4751688,-1.968288566,105.4751688,-1.968288566);
INSERT INTO fbblock (blockID,divID,x1,y1,x2,y2) VALUES ('W22','BINE5',105.4765734,-1.966663237,105.4765734,-1.966663237);
INSERT INTO fbblock (blockID,divID,x1,y1,x2,y2) VALUES ('W22','BINE5',105.4762445,-1.968849885,105.4762445,-1.968849885);
INSERT INTO fbblock (blockID,divID,x1,y1,x2,y2) VALUES ('W22','BINE5',105.4777346,-1.963907027,105.4777346,-1.963907027);
INSERT INTO fbblock (blockID,divID,x1,y1,x2,y2) VALUES ('W22','BINE5',105.4767304,-1.967958367,105.4767304,-1.967958367);
INSERT INTO fbblock (blockID,divID,x1,y1,x2,y2) VALUES ('W22','BINE5',105.4779614,-1.966646319,105.4779614,-1.966646319);
INSERT INTO fbblock (blockID,divID,x1,y1,x2,y2) VALUES ('W22','BINE5',105.4766216,-1.962175517,105.4766216,-1.962175517);
INSERT INTO fbblock (blockID,divID,x1,y1,x2,y2) VALUES ('W23','BINE5',105.4793431,-1.962130626,105.4793431,-1.962130626);
INSERT INTO fbblock (blockID,divID,x1,y1,x2,y2) VALUES ('W23','BINE5',105.4793074,-1.967824845,105.4793074,-1.967824845);
INSERT INTO fbblock (blockID,divID,x1,y1,x2,y2) VALUES ('W23','BINE5',105.4806432,-1.966642865,105.4806432,-1.966642865);
INSERT INTO fbblock (blockID,divID,x1,y1,x2,y2) VALUES ('W23','BINE5',105.4797656,-1.96849483,105.4797656,-1.96849483);
INSERT INTO fbblock (blockID,divID,x1,y1,x2,y2) VALUES ('W23','BINE5',105.4793024,-1.966629138,105.4793024,-1.966629138);
INSERT INTO fbblock (blockID,divID,x1,y1,x2,y2) VALUES ('W24','BINE5',105.4819145,-1.968706347,105.4819145,-1.968706347);
INSERT INTO fbblock (blockID,divID,x1,y1,x2,y2) VALUES ('W24','BINE5',105.4834325,-1.966634502,105.4834325,-1.966634502);
INSERT INTO fbblock (blockID,divID,x1,y1,x2,y2) VALUES ('W24','BINE5',105.4820396,-1.966588046,105.4820396,-1.966588046);
INSERT INTO fbblock (blockID,divID,x1,y1,x2,y2) VALUES ('W24','BINE5',105.4820574,-1.969277757,105.4820574,-1.969277757);
INSERT INTO fbblock (blockID,divID,x1,y1,x2,y2) VALUES ('W24','BINE5',105.4820818,-1.962091085,105.4820818,-1.962091085);
INSERT INTO fbblock (blockID,divID,x1,y1,x2,y2) VALUES ('W25','BINE5',105.4848043,-1.96205659,105.4848043,-1.96205659);
INSERT INTO fbblock (blockID,divID,x1,y1,x2,y2) VALUES ('W25','BINE5',105.4834609,-1.969732464,105.4834609,-1.969732464);
INSERT INTO fbblock (blockID,divID,x1,y1,x2,y2) VALUES ('W25','BINE5',105.4847652,-1.966628447,105.4847652,-1.966628447);
INSERT INTO fbblock (blockID,divID,x1,y1,x2,y2) VALUES ('W25','BINE5',105.4860911,-1.966619913,105.4860911,-1.966619913);
INSERT INTO fbblock (blockID,divID,x1,y1,x2,y2) VALUES ('W26','BINE5',105.4890034,-1.962242243,105.4890034,-1.962242243);
INSERT INTO fbblock (blockID,divID,x1,y1,x2,y2) VALUES ('W26','BINE5',105.4876661,-1.966640178,105.4876661,-1.966640178);
INSERT INTO fbblock (blockID,divID,x1,y1,x2,y2) VALUES ('W26','BINE5',105.4892583,-1.966596065,105.4892583,-1.966596065);
INSERT INTO fbblock (blockID,divID,x1,y1,x2,y2) VALUES ('W26','BINE5',105.4877132,-1.962012216,105.4877132,-1.962012216);




INSERT INTO fbdiv (divID,estateID,millID) VALUES ('BINE1','BINE','LWSM');
INSERT INTO fbdiv (divID,estateID,millID) VALUES ('BINE2','BINE','LWSM');
INSERT INTO fbdiv (divID,estateID,millID) VALUES ('BINE3','BINE','LWSM');
INSERT INTO fbdiv (divID,estateID,millID) VALUES ('BINE4','BINE','LWSM');
INSERT INTO fbdiv (divID,estateID,millID) VALUES ('BINE5','BINE','LWSM');


INSERT INTO fbmill (millID,lon,lat) VALUES ('LWSM',105.477,-1.9012);






INSERT INTO fbsol (runID,solTimeID,solType,restan,lastJobEndTime,lastJobEndClock,vehicles,recentTwist,lastUpd) VALUES ('20170911_153449186','20170911_153449458','INIT',0.0,1111,'18:31',5,null,{ts '2017-09-11 15:34:49.'});
INSERT INTO fbsol (runID,solTimeID,solType,restan,lastJobEndTime,lastJobEndClock,vehicles,recentTwist,lastUpd) VALUES ('20170911_153449186','20170911_153458679','OPTI',0.0,1111,'18:31',5,null,{ts '2017-09-11 15:34:58.'});


INSERT INTO fbtask (runID,solTimeID,clock1,agnID,splyID,blocks,size1,startMin,arrvSplyMin,waitSplyDur,dprtSplyMin,arrvMillMin,endMin,lonSply,latSply,lonMill,latMill,millName,lastUpd,status) VALUES ('20170911_153449186','20170911_153449458',null,'Truck1','BINE2_1','N24',9000.0,480,525,15,542,545,552,105.4821058,-1.893813215,105.477,105.477,'LWSM',{ts '2017-09-11 15:34:49.'},'-');
INSERT INTO fbtask (runID,solTimeID,clock1,agnID,splyID,blocks,size1,startMin,arrvSplyMin,waitSplyDur,dprtSplyMin,arrvMillMin,endMin,lonSply,latSply,lonMill,latMill,millName,lastUpd,status) VALUES ('20170911_153449186','20170911_153449458',null,'Truck1','BINE2_2','N24; N25',9000.0,553,556,74,632,635,642,105.4821058,-1.893813215,105.477,105.477,'LWSM',{ts '2017-09-11 15:34:49.'},'-');
INSERT INTO fbtask (runID,solTimeID,clock1,agnID,splyID,blocks,size1,startMin,arrvSplyMin,waitSplyDur,dprtSplyMin,arrvMillMin,endMin,lonSply,latSply,lonMill,latMill,millName,lastUpd,status) VALUES ('20170911_153449186','20170911_153449458',null,'Truck1','BINE2_3','N25',9000.0,643,647,73,722,726,733,105.4848548,-1.893824364,105.477,105.477,'LWSM',{ts '2017-09-11 15:34:49.'},'-');
INSERT INTO fbtask (runID,solTimeID,clock1,agnID,splyID,blocks,size1,startMin,arrvSplyMin,waitSplyDur,dprtSplyMin,arrvMillMin,endMin,lonSply,latSply,lonMill,latMill,millName,lastUpd,status) VALUES ('20170911_153449186','20170911_153449458',null,'Truck1','BINE2_4','N25; N26',9000.0,734,738,72,812,816,823,105.4848548,-1.893824364,105.477,105.477,'LWSM',{ts '2017-09-11 15:34:49.'},'-');
INSERT INTO fbtask (runID,solTimeID,clock1,agnID,splyID,blocks,size1,startMin,arrvSplyMin,waitSplyDur,dprtSplyMin,arrvMillMin,endMin,lonSply,latSply,lonMill,latMill,millName,lastUpd,status) VALUES ('20170911_153449186','20170911_153449458',null,'Truck1','BINE2_5','N26; N27',8394.0,824,829,71,902,907,914,105.4876239,-1.893830532,105.477,105.477,'LWSM',{ts '2017-09-11 15:34:49.'},'-');
INSERT INTO fbtask (runID,solTimeID,clock1,agnID,splyID,blocks,size1,startMin,arrvSplyMin,waitSplyDur,dprtSplyMin,arrvMillMin,endMin,lonSply,latSply,lonMill,latMill,millName,lastUpd,status) VALUES ('20170911_153449186','20170911_153449458',null,'Truck2','BINE1_1','N29; N30',9000.0,480,519,21,542,550,557,105.4959792,-1.891784564,105.477,105.477,'LWSM',{ts '2017-09-11 15:34:49.'},'-');
INSERT INTO fbtask (runID,solTimeID,clock1,agnID,splyID,blocks,size1,startMin,arrvSplyMin,waitSplyDur,dprtSplyMin,arrvMillMin,endMin,lonSply,latSply,lonMill,latMill,millName,lastUpd,status) VALUES ('20170911_153449186','20170911_153449458',null,'Truck2','BINE1_2','N30; N31; N32',9000.0,558,566,64,632,640,647,105.4987293,-1.891783321,105.477,105.477,'LWSM',{ts '2017-09-11 15:34:49.'},'-');
INSERT INTO fbtask (runID,solTimeID,clock1,agnID,splyID,blocks,size1,startMin,arrvSplyMin,waitSplyDur,dprtSplyMin,arrvMillMin,endMin,lonSply,latSply,lonMill,latMill,millName,lastUpd,status) VALUES ('20170911_153449186','20170911_153449458',null,'Truck2','BINE1_3','N32',6470.0,648,659,61,722,733,740,105.5041599,-1.893858625,105.477,105.477,'LWSM',{ts '2017-09-11 15:34:49.'},'-');
INSERT INTO fbtask (runID,solTimeID,clock1,agnID,splyID,blocks,size1,startMin,arrvSplyMin,waitSplyDur,dprtSplyMin,arrvMillMin,endMin,lonSply,latSply,lonMill,latMill,millName,lastUpd,status) VALUES ('20170911_153449186','20170911_153449458',null,'Truck3','BINE3_1','S26; S27; S28',9000.0,480,528,12,542,554,561,105.4875086,-1.930043492,105.477,105.477,'LWSM',{ts '2017-09-11 15:34:49.'},'-');
INSERT INTO fbtask (runID,solTimeID,clock1,agnID,splyID,blocks,size1,startMin,arrvSplyMin,waitSplyDur,dprtSplyMin,arrvMillMin,endMin,lonSply,latSply,lonMill,latMill,millName,lastUpd,status) VALUES ('20170911_153449186','20170911_153449458',null,'Truck3','BINE3_2','S28',9000.0,562,575,55,632,645,652,105.4931355,-1.930123514,105.477,105.477,'LWSM',{ts '2017-09-11 15:34:49.'},'-');
INSERT INTO fbtask (runID,solTimeID,clock1,agnID,splyID,blocks,size1,startMin,arrvSplyMin,waitSplyDur,dprtSplyMin,arrvMillMin,endMin,lonSply,latSply,lonMill,latMill,millName,lastUpd,status) VALUES ('20170911_153449186','20170911_153449458',null,'Truck3','BINE3_3','S28; S29',9000.0,653,666,54,722,735,742,105.4931355,-1.930123514,105.477,105.477,'LWSM',{ts '2017-09-11 15:34:49.'},'-');
INSERT INTO fbtask (runID,solTimeID,clock1,agnID,splyID,blocks,size1,startMin,arrvSplyMin,waitSplyDur,dprtSplyMin,arrvMillMin,endMin,lonSply,latSply,lonMill,latMill,millName,lastUpd,status) VALUES ('20170911_153449186','20170911_153449458',null,'Truck3','BINE3_4','S29; S30; S31',9000.0,743,756,54,812,825,832,105.4958303,-1.9301382,105.477,105.477,'LWSM',{ts '2017-09-11 15:34:49.'},'-');
INSERT INTO fbtask (runID,solTimeID,clock1,agnID,splyID,blocks,size1,startMin,arrvSplyMin,waitSplyDur,dprtSplyMin,arrvMillMin,endMin,lonSply,latSply,lonMill,latMill,millName,lastUpd,status) VALUES ('20170911_153449186','20170911_153449458',null,'Truck3','BINE3_5','S31',8743.0,833,847,53,902,916,923,105.5012835,-1.930125666,105.477,105.477,'LWSM',{ts '2017-09-11 15:34:49.'},'-');
INSERT INTO fbtask (runID,solTimeID,clock1,agnID,splyID,blocks,size1,startMin,arrvSplyMin,waitSplyDur,dprtSplyMin,arrvMillMin,endMin,lonSply,latSply,lonMill,latMill,millName,lastUpd,status) VALUES ('20170911_153449186','20170911_153449458',null,'Truck4','BINE4_1','T32; T33',9000.0,480,526,14,542,559,566,105.5039019,-1.939255814,105.477,105.477,'LWSM',{ts '2017-09-11 15:34:49.'},'-');
INSERT INTO fbtask (runID,solTimeID,clock1,agnID,splyID,blocks,size1,startMin,arrvSplyMin,waitSplyDur,dprtSplyMin,arrvMillMin,endMin,lonSply,latSply,lonMill,latMill,millName,lastUpd,status) VALUES ('20170911_153449186','20170911_153449458',null,'Truck4','BINE4_2','T33; T34; T35; T36',9000.0,567,584,46,632,649,656,105.506513,-1.937621759,105.477,105.477,'LWSM',{ts '2017-09-11 15:34:49.'},'-');
INSERT INTO fbtask (runID,solTimeID,clock1,agnID,splyID,blocks,size1,startMin,arrvSplyMin,waitSplyDur,dprtSplyMin,arrvMillMin,endMin,lonSply,latSply,lonMill,latMill,millName,lastUpd,status) VALUES ('20170911_153449186','20170911_153449458',null,'Truck4','BINE4_3','T36; T37',9000.0,657,676,44,722,741,748,105.5148018,-1.939218233,105.477,105.477,'LWSM',{ts '2017-09-11 15:34:49.'},'-');
INSERT INTO fbtask (runID,solTimeID,clock1,agnID,splyID,blocks,size1,startMin,arrvSplyMin,waitSplyDur,dprtSplyMin,arrvMillMin,endMin,lonSply,latSply,lonMill,latMill,millName,lastUpd,status) VALUES ('20170911_153449186','20170911_153449458',null,'Truck4','BINE4_4','T37; T38',9000.0,749,769,41,812,832,839,105.5174205,-1.93886718,105.477,105.477,'LWSM',{ts '2017-09-11 15:34:49.'},'-');
INSERT INTO fbtask (runID,solTimeID,clock1,agnID,splyID,blocks,size1,startMin,arrvSplyMin,waitSplyDur,dprtSplyMin,arrvMillMin,endMin,lonSply,latSply,lonMill,latMill,millName,lastUpd,status) VALUES ('20170911_153449186','20170911_153449458',null,'Truck4','BINE4_5','T38',9000.0,840,862,38,902,924,931,105.5202437,-1.939319632,105.477,105.477,'LWSM',{ts '2017-09-11 15:34:49.'},'-');
INSERT INTO fbtask (runID,solTimeID,clock1,agnID,splyID,blocks,size1,startMin,arrvSplyMin,waitSplyDur,dprtSplyMin,arrvMillMin,endMin,lonSply,latSply,lonMill,latMill,millName,lastUpd,status) VALUES ('20170911_153449186','20170911_153449458',null,'Truck4','BINE4_6','T38; T39',9000.0,932,954,36,992,1014,1021,105.5202437,-1.939319632,105.477,105.477,'LWSM',{ts '2017-09-11 15:34:49.'},'-');
INSERT INTO fbtask (runID,solTimeID,clock1,agnID,splyID,blocks,size1,startMin,arrvSplyMin,waitSplyDur,dprtSplyMin,arrvMillMin,endMin,lonSply,latSply,lonMill,latMill,millName,lastUpd,status) VALUES ('20170911_153449186','20170911_153449458',null,'Truck4','BINE4_7','T39',2355.0,1022,1044,36,1082,1104,1111,105.5230681,-1.939256232,105.477,105.477,'LWSM',{ts '2017-09-11 15:34:49.'},'-');
INSERT INTO fbtask (runID,solTimeID,clock1,agnID,splyID,blocks,size1,startMin,arrvSplyMin,waitSplyDur,dprtSplyMin,arrvMillMin,endMin,lonSply,latSply,lonMill,latMill,millName,lastUpd,status) VALUES ('20170911_153449186','20170911_153449458',null,'Truck5','BINE5_1','V32',9000.0,480,530,10,542,565,572,105.5038433,-1.957471548,105.477,105.477,'LWSM',{ts '2017-09-11 15:34:49.'},'-');
INSERT INTO fbtask (runID,solTimeID,clock1,agnID,splyID,blocks,size1,startMin,arrvSplyMin,waitSplyDur,dprtSplyMin,arrvMillMin,endMin,lonSply,latSply,lonMill,latMill,millName,lastUpd,status) VALUES ('20170911_153449186','20170911_153449458',null,'Truck5','BINE5_2','V32; V33',9000.0,573,596,34,632,655,662,105.5038433,-1.957471548,105.477,105.477,'LWSM',{ts '2017-09-11 15:34:49.'},'-');
INSERT INTO fbtask (runID,solTimeID,clock1,agnID,splyID,blocks,size1,startMin,arrvSplyMin,waitSplyDur,dprtSplyMin,arrvMillMin,endMin,lonSply,latSply,lonMill,latMill,millName,lastUpd,status) VALUES ('20170911_153449186','20170911_153449458',null,'Truck5','BINE5_3','V33; V34',9000.0,663,687,33,722,746,753,105.5066483,-1.95747959,105.477,105.477,'LWSM',{ts '2017-09-11 15:34:49.'},'-');
INSERT INTO fbtask (runID,solTimeID,clock1,agnID,splyID,blocks,size1,startMin,arrvSplyMin,waitSplyDur,dprtSplyMin,arrvMillMin,endMin,lonSply,latSply,lonMill,latMill,millName,lastUpd,status) VALUES ('20170911_153449186','20170911_153449458',null,'Truck5','BINE5_4','V34; V35',9000.0,754,778,32,812,836,843,105.5094107,-1.957507936,105.477,105.477,'LWSM',{ts '2017-09-11 15:34:49.'},'-');
INSERT INTO fbtask (runID,solTimeID,clock1,agnID,splyID,blocks,size1,startMin,arrvSplyMin,waitSplyDur,dprtSplyMin,arrvMillMin,endMin,lonSply,latSply,lonMill,latMill,millName,lastUpd,status) VALUES ('20170911_153449186','20170911_153449458',null,'Truck5','BINE5_5','V35; V36',9000.0,844,869,31,902,927,934,105.5121556,-1.957520214,105.477,105.477,'LWSM',{ts '2017-09-11 15:34:49.'},'-');
INSERT INTO fbtask (runID,solTimeID,clock1,agnID,splyID,blocks,size1,startMin,arrvSplyMin,waitSplyDur,dprtSplyMin,arrvMillMin,endMin,lonSply,latSply,lonMill,latMill,millName,lastUpd,status) VALUES ('20170911_153449186','20170911_153449458',null,'Truck5','BINE5_6','V36',5344.0,935,960,30,992,1017,1024,105.5147514,-1.957464416,105.477,105.477,'LWSM',{ts '2017-09-11 15:34:49.'},'-');
INSERT INTO fbtask (runID,solTimeID,clock1,agnID,splyID,blocks,size1,startMin,arrvSplyMin,waitSplyDur,dprtSplyMin,arrvMillMin,endMin,lonSply,latSply,lonMill,latMill,millName,lastUpd,status) VALUES ('20170911_153449186','20170911_153458679',null,'Truck1','BINE2_1','N24',9000.0,480,525,15,542,545,552,105.4821058,-1.893813215,105.477,105.477,'LWSM',{ts '2017-09-11 15:34:58.'},'-');
INSERT INTO fbtask (runID,solTimeID,clock1,agnID,splyID,blocks,size1,startMin,arrvSplyMin,waitSplyDur,dprtSplyMin,arrvMillMin,endMin,lonSply,latSply,lonMill,latMill,millName,lastUpd,status) VALUES ('20170911_153449186','20170911_153458679',null,'Truck1','BINE2_2','N24; N25',9000.0,553,556,74,632,635,642,105.4821058,-1.893813215,105.477,105.477,'LWSM',{ts '2017-09-11 15:34:58.'},'-');
INSERT INTO fbtask (runID,solTimeID,clock1,agnID,splyID,blocks,size1,startMin,arrvSplyMin,waitSplyDur,dprtSplyMin,arrvMillMin,endMin,lonSply,latSply,lonMill,latMill,millName,lastUpd,status) VALUES ('20170911_153449186','20170911_153458679',null,'Truck1','BINE2_3','N25',9000.0,643,647,73,722,726,733,105.4848548,-1.893824364,105.477,105.477,'LWSM',{ts '2017-09-11 15:34:58.'},'-');
INSERT INTO fbtask (runID,solTimeID,clock1,agnID,splyID,blocks,size1,startMin,arrvSplyMin,waitSplyDur,dprtSplyMin,arrvMillMin,endMin,lonSply,latSply,lonMill,latMill,millName,lastUpd,status) VALUES ('20170911_153449186','20170911_153458679',null,'Truck1','BINE2_4','N25; N26',9000.0,734,738,72,812,816,823,105.4848548,-1.893824364,105.477,105.477,'LWSM',{ts '2017-09-11 15:34:58.'},'-');
INSERT INTO fbtask (runID,solTimeID,clock1,agnID,splyID,blocks,size1,startMin,arrvSplyMin,waitSplyDur,dprtSplyMin,arrvMillMin,endMin,lonSply,latSply,lonMill,latMill,millName,lastUpd,status) VALUES ('20170911_153449186','20170911_153458679',null,'Truck1','BINE2_5','N26; N27',8394.0,824,829,71,902,907,914,105.4876239,-1.893830532,105.477,105.477,'LWSM',{ts '2017-09-11 15:34:58.'},'-');
INSERT INTO fbtask (runID,solTimeID,clock1,agnID,splyID,blocks,size1,startMin,arrvSplyMin,waitSplyDur,dprtSplyMin,arrvMillMin,endMin,lonSply,latSply,lonMill,latMill,millName,lastUpd,status) VALUES ('20170911_153449186','20170911_153458679',null,'Truck2','BINE1_1','N29; N30',9000.0,480,519,21,542,550,557,105.4959792,-1.891784564,105.477,105.477,'LWSM',{ts '2017-09-11 15:34:58.'},'-');
INSERT INTO fbtask (runID,solTimeID,clock1,agnID,splyID,blocks,size1,startMin,arrvSplyMin,waitSplyDur,dprtSplyMin,arrvMillMin,endMin,lonSply,latSply,lonMill,latMill,millName,lastUpd,status) VALUES ('20170911_153449186','20170911_153458679',null,'Truck2','BINE1_2','N30; N31; N32',9000.0,558,566,64,632,640,647,105.4987293,-1.891783321,105.477,105.477,'LWSM',{ts '2017-09-11 15:34:58.'},'-');
INSERT INTO fbtask (runID,solTimeID,clock1,agnID,splyID,blocks,size1,startMin,arrvSplyMin,waitSplyDur,dprtSplyMin,arrvMillMin,endMin,lonSply,latSply,lonMill,latMill,millName,lastUpd,status) VALUES ('20170911_153449186','20170911_153458679',null,'Truck2','BINE1_3','N32',6470.0,648,659,61,722,733,740,105.5041599,-1.893858625,105.477,105.477,'LWSM',{ts '2017-09-11 15:34:58.'},'-');
INSERT INTO fbtask (runID,solTimeID,clock1,agnID,splyID,blocks,size1,startMin,arrvSplyMin,waitSplyDur,dprtSplyMin,arrvMillMin,endMin,lonSply,latSply,lonMill,latMill,millName,lastUpd,status) VALUES ('20170911_153449186','20170911_153458679',null,'Truck3','BINE3_1','S26; S27; S28',9000.0,480,528,12,542,554,561,105.4875086,-1.930043492,105.477,105.477,'LWSM',{ts '2017-09-11 15:34:58.'},'-');
INSERT INTO fbtask (runID,solTimeID,clock1,agnID,splyID,blocks,size1,startMin,arrvSplyMin,waitSplyDur,dprtSplyMin,arrvMillMin,endMin,lonSply,latSply,lonMill,latMill,millName,lastUpd,status) VALUES ('20170911_153449186','20170911_153458679',null,'Truck3','BINE3_2','S28',9000.0,562,575,55,632,645,652,105.4931355,-1.930123514,105.477,105.477,'LWSM',{ts '2017-09-11 15:34:58.'},'-');
INSERT INTO fbtask (runID,solTimeID,clock1,agnID,splyID,blocks,size1,startMin,arrvSplyMin,waitSplyDur,dprtSplyMin,arrvMillMin,endMin,lonSply,latSply,lonMill,latMill,millName,lastUpd,status) VALUES ('20170911_153449186','20170911_153458679',null,'Truck3','BINE3_3','S28; S29',9000.0,653,666,54,722,735,742,105.4931355,-1.930123514,105.477,105.477,'LWSM',{ts '2017-09-11 15:34:58.'},'-');
INSERT INTO fbtask (runID,solTimeID,clock1,agnID,splyID,blocks,size1,startMin,arrvSplyMin,waitSplyDur,dprtSplyMin,arrvMillMin,endMin,lonSply,latSply,lonMill,latMill,millName,lastUpd,status) VALUES ('20170911_153449186','20170911_153458679',null,'Truck3','BINE3_4','S29; S30; S31',9000.0,743,756,54,812,825,832,105.4958303,-1.9301382,105.477,105.477,'LWSM',{ts '2017-09-11 15:34:58.'},'-');
INSERT INTO fbtask (runID,solTimeID,clock1,agnID,splyID,blocks,size1,startMin,arrvSplyMin,waitSplyDur,dprtSplyMin,arrvMillMin,endMin,lonSply,latSply,lonMill,latMill,millName,lastUpd,status) VALUES ('20170911_153449186','20170911_153458679',null,'Truck3','BINE3_5','S31',8743.0,833,847,53,902,916,923,105.5012835,-1.930125666,105.477,105.477,'LWSM',{ts '2017-09-11 15:34:58.'},'-');
INSERT INTO fbtask (runID,solTimeID,clock1,agnID,splyID,blocks,size1,startMin,arrvSplyMin,waitSplyDur,dprtSplyMin,arrvMillMin,endMin,lonSply,latSply,lonMill,latMill,millName,lastUpd,status) VALUES ('20170911_153449186','20170911_153458679',null,'Truck4','BINE4_1','T32; T33',9000.0,480,526,14,542,559,566,105.5039019,-1.939255814,105.477,105.477,'LWSM',{ts '2017-09-11 15:34:58.'},'-');
INSERT INTO fbtask (runID,solTimeID,clock1,agnID,splyID,blocks,size1,startMin,arrvSplyMin,waitSplyDur,dprtSplyMin,arrvMillMin,endMin,lonSply,latSply,lonMill,latMill,millName,lastUpd,status) VALUES ('20170911_153449186','20170911_153458679',null,'Truck4','BINE4_2','T33; T34; T35; T36',9000.0,567,584,46,632,649,656,105.506513,-1.937621759,105.477,105.477,'LWSM',{ts '2017-09-11 15:34:58.'},'-');
INSERT INTO fbtask (runID,solTimeID,clock1,agnID,splyID,blocks,size1,startMin,arrvSplyMin,waitSplyDur,dprtSplyMin,arrvMillMin,endMin,lonSply,latSply,lonMill,latMill,millName,lastUpd,status) VALUES ('20170911_153449186','20170911_153458679',null,'Truck4','BINE4_3','T36; T37',9000.0,657,676,44,722,741,748,105.5148018,-1.939218233,105.477,105.477,'LWSM',{ts '2017-09-11 15:34:58.'},'-');
INSERT INTO fbtask (runID,solTimeID,clock1,agnID,splyID,blocks,size1,startMin,arrvSplyMin,waitSplyDur,dprtSplyMin,arrvMillMin,endMin,lonSply,latSply,lonMill,latMill,millName,lastUpd,status) VALUES ('20170911_153449186','20170911_153458679',null,'Truck4','BINE4_4','T37; T38',9000.0,749,769,41,812,832,839,105.5174205,-1.93886718,105.477,105.477,'LWSM',{ts '2017-09-11 15:34:58.'},'-');
INSERT INTO fbtask (runID,solTimeID,clock1,agnID,splyID,blocks,size1,startMin,arrvSplyMin,waitSplyDur,dprtSplyMin,arrvMillMin,endMin,lonSply,latSply,lonMill,latMill,millName,lastUpd,status) VALUES ('20170911_153449186','20170911_153458679',null,'Truck4','BINE4_5','T38',9000.0,840,862,38,902,924,931,105.5202437,-1.939319632,105.477,105.477,'LWSM',{ts '2017-09-11 15:34:58.'},'-');
INSERT INTO fbtask (runID,solTimeID,clock1,agnID,splyID,blocks,size1,startMin,arrvSplyMin,waitSplyDur,dprtSplyMin,arrvMillMin,endMin,lonSply,latSply,lonMill,latMill,millName,lastUpd,status) VALUES ('20170911_153449186','20170911_153458679',null,'Truck4','BINE4_6','T38; T39',9000.0,932,954,36,992,1014,1021,105.5202437,-1.939319632,105.477,105.477,'LWSM',{ts '2017-09-11 15:34:58.'},'-');
INSERT INTO fbtask (runID,solTimeID,clock1,agnID,splyID,blocks,size1,startMin,arrvSplyMin,waitSplyDur,dprtSplyMin,arrvMillMin,endMin,lonSply,latSply,lonMill,latMill,millName,lastUpd,status) VALUES ('20170911_153449186','20170911_153458679',null,'Truck4','BINE4_7','T39',2355.0,1022,1044,36,1082,1104,1111,105.5230681,-1.939256232,105.477,105.477,'LWSM',{ts '2017-09-11 15:34:58.'},'-');
INSERT INTO fbtask (runID,solTimeID,clock1,agnID,splyID,blocks,size1,startMin,arrvSplyMin,waitSplyDur,dprtSplyMin,arrvMillMin,endMin,lonSply,latSply,lonMill,latMill,millName,lastUpd,status) VALUES ('20170911_153449186','20170911_153458679',null,'Truck5','BINE5_1','V32',9000.0,480,530,10,542,565,572,105.5038433,-1.957471548,105.477,105.477,'LWSM',{ts '2017-09-11 15:34:58.'},'-');
INSERT INTO fbtask (runID,solTimeID,clock1,agnID,splyID,blocks,size1,startMin,arrvSplyMin,waitSplyDur,dprtSplyMin,arrvMillMin,endMin,lonSply,latSply,lonMill,latMill,millName,lastUpd,status) VALUES ('20170911_153449186','20170911_153458679',null,'Truck5','BINE5_2','V32; V33',9000.0,573,596,34,632,655,662,105.5038433,-1.957471548,105.477,105.477,'LWSM',{ts '2017-09-11 15:34:58.'},'-');
INSERT INTO fbtask (runID,solTimeID,clock1,agnID,splyID,blocks,size1,startMin,arrvSplyMin,waitSplyDur,dprtSplyMin,arrvMillMin,endMin,lonSply,latSply,lonMill,latMill,millName,lastUpd,status) VALUES ('20170911_153449186','20170911_153458679',null,'Truck5','BINE5_3','V33; V34',9000.0,663,687,33,722,746,753,105.5066483,-1.95747959,105.477,105.477,'LWSM',{ts '2017-09-11 15:34:58.'},'-');
INSERT INTO fbtask (runID,solTimeID,clock1,agnID,splyID,blocks,size1,startMin,arrvSplyMin,waitSplyDur,dprtSplyMin,arrvMillMin,endMin,lonSply,latSply,lonMill,latMill,millName,lastUpd,status) VALUES ('20170911_153449186','20170911_153458679',null,'Truck5','BINE5_4','V34; V35',9000.0,754,778,32,812,836,843,105.5094107,-1.957507936,105.477,105.477,'LWSM',{ts '2017-09-11 15:34:58.'},'-');
INSERT INTO fbtask (runID,solTimeID,clock1,agnID,splyID,blocks,size1,startMin,arrvSplyMin,waitSplyDur,dprtSplyMin,arrvMillMin,endMin,lonSply,latSply,lonMill,latMill,millName,lastUpd,status) VALUES ('20170911_153449186','20170911_153458679',null,'Truck5','BINE5_5','V35; V36',9000.0,844,869,31,902,927,934,105.5121556,-1.957520214,105.477,105.477,'LWSM',{ts '2017-09-11 15:34:58.'},'-');
INSERT INTO fbtask (runID,solTimeID,clock1,agnID,splyID,blocks,size1,startMin,arrvSplyMin,waitSplyDur,dprtSplyMin,arrvMillMin,endMin,lonSply,latSply,lonMill,latMill,millName,lastUpd,status) VALUES ('20170911_153449186','20170911_153458679',null,'Truck5','BINE5_6','V36',5344.0,935,960,30,992,1017,1024,105.5147514,-1.957464416,105.477,105.477,'LWSM',{ts '2017-09-11 15:34:58.'},'-');

INSERT INTO gbusr (userID,password,userName) VALUES ('user1','password','User 1');
